AÃ±o	Mes	violence type	VictimsCount	Escalation	Intensity	Previous State
1958	1	VC	179.0	0	0	Start
1958	1	VI	0.0	0	0	Start
1958	1	VS	179.0	0	0	Start
1958	2	VC	115.0	-1	0	E
1958	2	VI	0.0	0	0	E
1958	2	VS	115.0	-1	0	E
1958	3	VC	84.0	-1	0	F
1958	3	VI	0.0	0	0	E
1958	3	VS	84.0	-1	0	F
1958	4	VC	110.0	1	0	F
1958	4	VI	0.0	0	0	E
1958	4	VS	110.0	1	0	F
1958	5	VC	142.0	1	0	D
1958	5	VI	27.0	1	0	E
1958	5	VS	115.0	1	0	D
1958	6	VC	170.0	1	0	D
1958	6	VI	0.0	-1	0	D
1958	6	VS	170.0	1	0	D
1958	7	VC	187.0	1	0	D
1958	7	VI	0.0	0	0	F
1958	7	VS	187.0	1	0	D
1958	8	VC	89.0	-1	0	D
1958	8	VI	0.0	0	0	E
1958	8	VS	89.0	-1	0	D
1958	9	VC	35.0	-1	0	F
1958	9	VI	0.0	0	0	E
1958	9	VS	35.0	-1	0	F
1958	10	VC	35.0	0	0	F
1958	10	VI	0.0	0	0	E
1958	10	VS	35.0	0	0	F
1958	11	VC	44.0	1	0	E
1958	11	VI	0.0	0	0	E
1958	11	VS	44.0	1	0	E
1958	12	VC	20.0	-1	0	D
1958	12	VI	0.0	0	0	E
1958	12	VS	20.0	-1	0	D
1959	1	VC	27.0	1	0	F
1959	1	VI	0.0	0	0	E
1959	1	VS	27.0	1	0	F
1959	2	VC	34.0	1	0	D
1959	2	VI	0.0	0	0	E
1959	2	VS	34.0	1	0	D
1959	3	VC	83.0	1	0	D
1959	3	VI	0.0	0	0	E
1959	3	VS	83.0	1	0	D
1959	4	VC	63.0	-1	0	D
1959	4	VI	0.0	0	0	E
1959	4	VS	63.0	-1	0	D
1959	5	VC	108.0	1	0	F
1959	5	VI	0.0	0	0	E
1959	5	VS	108.0	1	0	F
1959	6	VC	114.0	1	0	D
1959	6	VI	0.0	0	0	E
1959	6	VS	114.0	1	0	D
1959	7	VC	68.0	-1	0	D
1959	7	VI	0.0	0	0	E
1959	7	VS	68.0	-1	0	D
1959	8	VC	60.0	-1	0	F
1959	8	VI	0.0	0	0	E
1959	8	VS	60.0	-1	0	F
1959	9	VC	47.0	-1	0	F
1959	9	VI	0.0	0	0	E
1959	9	VS	47.0	-1	0	F
1959	10	VC	52.0	1	0	F
1959	10	VI	0.0	0	0	E
1959	10	VS	52.0	1	0	F
1959	11	VC	66.0	1	0	D
1959	11	VI	0.0	0	0	E
1959	11	VS	66.0	1	0	D
1959	12	VC	57.0	-1	0	D
1959	12	VI	0.0	0	0	E
1959	12	VS	57.0	-1	0	D
1960	1	VC	107.0	1	0	F
1960	1	VI	0.0	0	0	E
1960	1	VS	107.0	1	0	F
1960	2	VC	19.0	-1	0	D
1960	2	VI	0.0	0	0	E
1960	2	VS	19.0	-1	0	D
1960	3	VC	19.0	0	0	F
1960	3	VI	0.0	0	0	E
1960	3	VS	19.0	0	0	F
1960	4	VC	62.0	1	0	E
1960	4	VI	0.0	0	0	E
1960	4	VS	62.0	1	0	E
1960	5	VC	61.0	-1	0	D
1960	5	VI	0.0	0	0	E
1960	5	VS	61.0	-1	0	D
1960	6	VC	42.0	-1	0	F
1960	6	VI	0.0	0	0	E
1960	6	VS	42.0	-1	0	F
1960	7	VC	118.0	1	0	F
1960	7	VI	0.0	0	0	E
1960	7	VS	118.0	1	0	F
1960	8	VC	133.0	1	0	D
1960	8	VI	0.0	0	0	E
1960	8	VS	133.0	1	0	D
1960	9	VC	72.0	-1	0	D
1960	9	VI	0.0	0	0	E
1960	9	VS	72.0	-1	0	D
1960	10	VC	43.0	-1	0	F
1960	10	VI	0.0	0	0	E
1960	10	VS	43.0	-1	0	F
1960	11	VC	25.0	-1	0	F
1960	11	VI	0.0	0	0	E
1960	11	VS	25.0	-1	0	F
1960	12	VC	21.0	-1	-1	F
1960	12	VI	0.0	0	-1	E
1960	12	VS	21.0	-1	-1	F
1961	1	VC	93.0	1	1	I
1961	1	VI	0.0	0	-1	H
1961	1	VS	93.0	1	1	I
1961	2	VC	43.0	-1	-1	A
1961	2	VI	0.0	0	-1	H
1961	2	VS	43.0	-1	-1	A
1961	3	VC	53.0	1	-1	I
1961	3	VI	0.0	0	-1	H
1961	3	VS	53.0	1	-1	I
1961	4	VC	131.0	1	1	G
1961	4	VI	0.0	0	-1	H
1961	4	VS	131.0	1	1	G
1961	5	VC	52.0	-1	-1	A
1961	5	VI	0.0	0	0	H
1961	5	VS	52.0	-1	-1	A
1961	6	VC	36.0	-1	-1	I
1961	6	VI	0.0	0	0	E
1961	6	VS	36.0	-1	-1	I
1961	7	VC	61.0	1	1	I
1961	7	VI	0.0	0	0	E
1961	7	VS	61.0	1	1	I
1961	8	VC	60.0	-1	-1	A
1961	8	VI	0.0	0	0	E
1961	8	VS	60.0	-1	-1	A
1961	9	VC	36.0	-1	-1	I
1961	9	VI	0.0	0	0	E
1961	9	VS	36.0	-1	-1	I
1961	10	VC	54.0	1	-1	I
1961	10	VI	0.0	0	0	E
1961	10	VS	54.0	1	-1	I
1961	11	VC	41.0	-1	-1	G
1961	11	VI	0.0	0	0	E
1961	11	VS	41.0	-1	-1	G
1961	12	VC	64.0	1	1	I
1961	12	VI	0.0	0	0	E
1961	12	VS	64.0	1	1	I
1962	1	VC	106.0	1	1	A
1962	1	VI	0.0	0	0	E
1962	1	VS	106.0	1	1	A
1962	2	VC	142.0	1	1	A
1962	2	VI	0.0	0	0	E
1962	2	VS	142.0	1	1	A
1962	3	VC	81.0	-1	1	A
1962	3	VI	0.0	0	0	E
1962	3	VS	81.0	-1	1	A
1962	4	VC	24.0	-1	-1	C
1962	4	VI	0.0	0	0	E
1962	4	VS	24.0	-1	-1	C
1962	5	VC	39.0	1	-1	I
1962	5	VI	0.0	0	0	E
1962	5	VS	39.0	1	-1	I
1962	6	VC	49.0	1	-1	G
1962	6	VI	0.0	0	0	E
1962	6	VS	49.0	1	-1	G
1962	7	VC	105.0	1	1	G
1962	7	VI	0.0	0	0	E
1962	7	VS	105.0	1	1	G
1962	8	VC	128.0	1	1	A
1962	8	VI	0.0	0	0	E
1962	8	VS	128.0	1	1	A
1962	9	VC	45.0	-1	-1	A
1962	9	VI	1.0	1	1	E
1962	9	VS	44.0	-1	-1	A
1962	10	VC	82.0	1	1	I
1962	10	VI	3.0	1	1	A
1962	10	VS	79.0	1	1	I
1962	11	VC	98.0	1	1	A
1962	11	VI	0.0	-1	-1	A
1962	11	VS	98.0	1	1	A
1962	12	VC	38.0	-1	-1	A
1962	12	VI	0.0	0	-1	I
1962	12	VS	38.0	-1	-1	A
1963	1	VC	108.0	1	1	I
1963	1	VI	0.0	0	-1	H
1963	1	VS	108.0	1	1	I
1963	2	VC	133.0	1	1	A
1963	2	VI	0.0	0	-1	H
1963	2	VS	133.0	1	1	A
1963	3	VC	120.0	-1	1	A
1963	3	VI	3.0	1	1	H
1963	3	VS	117.0	-1	1	A
1963	4	VC	38.0	-1	-1	C
1963	4	VI	3.0	0	1	A
1963	4	VS	35.0	-1	-1	C
1963	5	VC	53.0	1	-1	I
1963	5	VI	0.0	-1	-1	B
1963	5	VS	53.0	1	-1	I
1963	6	VC	82.0	1	1	G
1963	6	VI	8.0	1	1	I
1963	6	VS	74.0	1	1	G
1963	7	VC	93.0	1	1	A
1963	7	VI	0.0	-1	-1	A
1963	7	VS	93.0	1	1	A
1963	8	VC	95.0	1	1	A
1963	8	VI	1.0	1	1	I
1963	8	VS	94.0	1	1	A
1963	9	VC	65.0	-1	-1	A
1963	9	VI	0.0	-1	-1	A
1963	9	VS	65.0	-1	-1	A
1963	10	VC	19.0	-1	-1	I
1963	10	VI	0.0	0	-1	I
1963	10	VS	19.0	-1	-1	I
1963	11	VC	21.0	1	-1	I
1963	11	VI	0.0	0	-1	H
1963	11	VS	21.0	1	-1	I
1963	12	VC	36.0	1	-1	G
1963	12	VI	0.0	0	-1	H
1963	12	VS	36.0	1	-1	G
1964	1	VC	37.0	1	-1	G
1964	1	VI	0.0	0	-1	H
1964	1	VS	37.0	1	-1	G
1964	2	VC	21.0	-1	-1	G
1964	2	VI	0.0	0	-1	H
1964	2	VS	21.0	-1	-1	G
1964	3	VC	19.0	-1	-1	I
1964	3	VI	0.0	0	-1	H
1964	3	VS	19.0	-1	-1	I
1964	4	VC	12.0	-1	-1	I
1964	4	VI	0.0	0	-1	H
1964	4	VS	12.0	-1	-1	I
1964	5	VC	21.0	1	-1	I
1964	5	VI	0.0	0	-1	H
1964	5	VS	21.0	1	-1	I
1964	6	VC	16.0	-1	-1	G
1964	6	VI	5.0	1	1	H
1964	6	VS	11.0	-1	-1	G
1964	7	VC	18.0	1	-1	I
1964	7	VI	0.0	-1	-1	A
1964	7	VS	18.0	1	-1	I
1964	8	VC	6.0	-1	-1	G
1964	8	VI	0.0	0	-1	I
1964	8	VS	6.0	-1	-1	G
1964	9	VC	3.0	-1	-1	I
1964	9	VI	0.0	0	-1	H
1964	9	VS	3.0	-1	-1	I
1964	10	VC	3.0	0	-1	I
1964	10	VI	0.0	0	-1	H
1964	10	VS	3.0	0	-1	I
1964	11	VC	7.0	1	-1	H
1964	11	VI	0.0	0	-1	H
1964	11	VS	7.0	1	-1	H
1964	12	VC	16.0	1	-1	G
1964	12	VI	0.0	0	-1	H
1964	12	VS	16.0	1	-1	G
1965	1	VC	41.0	1	-1	G
1965	1	VI	0.0	0	-1	H
1965	1	VS	41.0	1	-1	G
1965	2	VC	20.0	-1	-1	G
1965	2	VI	0.0	0	-1	H
1965	2	VS	20.0	-1	-1	G
1965	3	VC	48.0	1	-1	I
1965	3	VI	0.0	0	-1	H
1965	3	VS	48.0	1	-1	I
1965	4	VC	31.0	-1	-1	G
1965	4	VI	0.0	0	-1	H
1965	4	VS	31.0	-1	-1	G
1965	5	VC	24.0	-1	-1	I
1965	5	VI	0.0	0	-1	H
1965	5	VS	24.0	-1	-1	I
1965	6	VC	11.0	-1	-1	I
1965	6	VI	0.0	0	-1	H
1965	6	VS	11.0	-1	-1	I
1965	7	VC	39.0	1	-1	I
1965	7	VI	1.0	1	1	H
1965	7	VS	38.0	1	-1	I
1965	8	VC	4.0	-1	-1	G
1965	8	VI	0.0	-1	-1	A
1965	8	VS	4.0	-1	-1	G
1965	9	VC	8.0	1	-1	I
1965	9	VI	0.0	0	-1	I
1965	9	VS	8.0	1	-1	I
1965	10	VC	8.0	0	-1	G
1965	10	VI	0.0	0	-1	H
1965	10	VS	8.0	0	-1	G
1965	11	VC	30.0	1	-1	H
1965	11	VI	0.0	0	-1	H
1965	11	VS	30.0	1	-1	H
1965	12	VC	2.0	-1	-1	G
1965	12	VI	0.0	0	-1	H
1965	12	VS	2.0	-1	-1	G
1966	1	VC	23.0	1	-1	I
1966	1	VI	0.0	0	-1	H
1966	1	VS	23.0	1	-1	I
1966	2	VC	3.0	-1	-1	G
1966	2	VI	0.0	0	-1	H
1966	2	VS	3.0	-1	-1	G
1966	3	VC	0.0	-1	-1	I
1966	3	VI	0.0	0	-1	H
1966	3	VS	0.0	-1	-1	I
1966	4	VC	4.0	1	-1	I
1966	4	VI	0.0	0	-1	H
1966	4	VS	4.0	1	-1	I
1966	5	VC	6.0	1	-1	G
1966	5	VI	0.0	0	-1	H
1966	5	VS	6.0	1	-1	G
1966	6	VC	1.0	-1	-1	G
1966	6	VI	0.0	0	-1	H
1966	6	VS	1.0	-1	-1	G
1966	7	VC	6.0	1	-1	I
1966	7	VI	0.0	0	-1	H
1966	7	VS	6.0	1	-1	I
1966	8	VC	2.0	-1	-1	G
1966	8	VI	0.0	0	-1	H
1966	8	VS	2.0	-1	-1	G
1966	9	VC	1.0	-1	-1	I
1966	9	VI	0.0	0	-1	H
1966	9	VS	1.0	-1	-1	I
1966	10	VC	2.0	1	-1	I
1966	10	VI	0.0	0	-1	H
1966	10	VS	2.0	1	-1	I
1966	11	VC	1.0	-1	-1	G
1966	11	VI	0.0	0	-1	H
1966	11	VS	1.0	-1	-1	G
1966	12	VC	0.0	-1	-1	I
1966	12	VI	0.0	0	-1	H
1966	12	VS	0.0	-1	-1	I
1967	1	VC	0.0	0	-1	I
1967	1	VI	0.0	0	-1	H
1967	1	VS	0.0	0	-1	I
1967	2	VC	0.0	0	-1	H
1967	2	VI	0.0	0	-1	H
1967	2	VS	0.0	0	-1	H
1967	3	VC	5.0	1	-1	H
1967	3	VI	0.0	0	-1	H
1967	3	VS	5.0	1	-1	H
1967	4	VC	0.0	-1	-1	G
1967	4	VI	0.0	0	-1	H
1967	4	VS	0.0	-1	-1	G
1967	5	VC	0.0	0	-1	I
1967	5	VI	0.0	0	-1	H
1967	5	VS	0.0	0	-1	I
1967	6	VC	0.0	0	-1	H
1967	6	VI	0.0	0	-1	H
1967	6	VS	0.0	0	-1	H
1967	7	VC	1.0	1	-1	H
1967	7	VI	0.0	0	-1	H
1967	7	VS	1.0	1	-1	H
1967	8	VC	0.0	-1	-1	G
1967	8	VI	0.0	0	-1	H
1967	8	VS	0.0	-1	-1	G
1967	9	VC	0.0	0	-1	I
1967	9	VI	0.0	0	-1	H
1967	9	VS	0.0	0	-1	I
1967	10	VC	0.0	0	-1	H
1967	10	VI	0.0	0	-1	H
1967	10	VS	0.0	0	-1	H
1967	11	VC	0.0	0	-1	H
1967	11	VI	0.0	0	-1	H
1967	11	VS	0.0	0	-1	H
1967	12	VC	1.0	1	-1	H
1967	12	VI	0.0	0	-1	H
1967	12	VS	1.0	1	-1	H
1968	1	VC	9.0	1	1	G
1968	1	VI	0.0	0	-1	H
1968	1	VS	9.0	1	1	G
1968	2	VC	6.0	-1	-1	A
1968	2	VI	0.0	0	-1	H
1968	2	VS	6.0	-1	-1	A
1968	3	VC	15.0	1	1	I
1968	3	VI	0.0	0	-1	H
1968	3	VS	15.0	1	1	I
1968	4	VC	21.0	1	1	A
1968	4	VI	0.0	0	-1	H
1968	4	VS	21.0	1	1	A
1968	5	VC	4.0	-1	-1	A
1968	5	VI	0.0	0	-1	H
1968	5	VS	4.0	-1	-1	A
1968	6	VC	4.0	0	-1	I
1968	6	VI	0.0	0	-1	H
1968	6	VS	4.0	0	-1	I
1968	7	VC	0.0	-1	-1	H
1968	7	VI	0.0	0	0	H
1968	7	VS	0.0	-1	-1	H
1968	8	VC	13.0	1	1	I
1968	8	VI	0.0	0	0	E
1968	8	VS	13.0	1	1	I
1968	9	VC	7.0	-1	1	A
1968	9	VI	0.0	0	0	E
1968	9	VS	7.0	-1	1	A
1968	10	VC	4.0	-1	-1	C
1968	10	VI	0.0	0	0	E
1968	10	VS	4.0	-1	-1	C
1968	11	VC	10.0	1	1	I
1968	11	VI	0.0	0	0	E
1968	11	VS	10.0	1	1	I
1968	12	VC	3.0	-1	-1	A
1968	12	VI	0.0	0	0	E
1968	12	VS	3.0	-1	-1	A
1969	1	VC	1.0	-1	-1	I
1969	1	VI	0.0	0	0	E
1969	1	VS	1.0	-1	-1	I
1969	2	VC	8.0	1	1	I
1969	2	VI	0.0	0	0	E
1969	2	VS	8.0	1	1	I
1969	3	VC	14.0	1	1	A
1969	3	VI	0.0	0	0	E
1969	3	VS	14.0	1	1	A
1969	4	VC	6.0	-1	1	A
1969	4	VI	0.0	0	0	E
1969	4	VS	6.0	-1	1	A
1969	5	VC	8.0	1	1	C
1969	5	VI	0.0	0	0	E
1969	5	VS	8.0	1	1	C
1969	6	VC	3.0	-1	-1	A
1969	6	VI	0.0	0	0	E
1969	6	VS	3.0	-1	-1	A
1969	7	VC	5.0	1	1	I
1969	7	VI	0.0	0	0	E
1969	7	VS	5.0	1	1	I
1969	8	VC	14.0	1	1	A
1969	8	VI	0.0	0	0	E
1969	8	VS	14.0	1	1	A
1969	9	VC	2.0	-1	-1	A
1969	9	VI	0.0	0	0	E
1969	9	VS	2.0	-1	-1	A
1969	10	VC	22.0	1	1	I
1969	10	VI	0.0	0	0	E
1969	10	VS	22.0	1	1	I
1969	11	VC	5.0	-1	-1	A
1969	11	VI	0.0	0	0	E
1969	11	VS	5.0	-1	-1	A
1969	12	VC	4.0	-1	-1	I
1969	12	VI	0.0	0	0	E
1969	12	VS	4.0	-1	-1	I
1970	1	VC	17.0	1	1	I
1970	1	VI	0.0	0	0	E
1970	1	VS	17.0	1	1	I
1970	2	VC	21.0	1	1	A
1970	2	VI	2.0	1	1	E
1970	2	VS	19.0	1	1	A
1970	3	VC	28.0	1	1	A
1970	3	VI	0.0	-1	-1	A
1970	3	VS	28.0	1	1	A
1970	4	VC	9.0	-1	1	A
1970	4	VI	0.0	0	-1	I
1970	4	VS	9.0	-1	1	A
1970	5	VC	30.0	1	1	C
1970	5	VI	0.0	0	-1	H
1970	5	VS	30.0	1	1	C
1970	6	VC	7.0	-1	-1	A
1970	6	VI	0.0	0	-1	H
1970	6	VS	7.0	-1	-1	A
1970	7	VC	19.0	1	1	I
1970	7	VI	0.0	0	-1	H
1970	7	VS	19.0	1	1	I
1970	8	VC	12.0	-1	1	A
1970	8	VI	0.0	0	-1	H
1970	8	VS	12.0	-1	1	A
1970	9	VC	15.0	1	1	C
1970	9	VI	0.0	0	-1	H
1970	9	VS	15.0	1	1	C
1970	10	VC	6.0	-1	-1	A
1970	10	VI	0.0	0	-1	H
1970	10	VS	6.0	-1	-1	A
1970	11	VC	7.0	1	-1	I
1970	11	VI	0.0	0	-1	H
1970	11	VS	7.0	1	-1	I
1970	12	VC	3.0	-1	-1	G
1970	12	VI	0.0	0	-1	H
1970	12	VS	3.0	-1	-1	G
1971	1	VC	10.0	1	-1	I
1971	1	VI	0.0	0	-1	H
1971	1	VS	10.0	1	-1	I
1971	2	VC	13.0	1	1	G
1971	2	VI	0.0	0	-1	H
1971	2	VS	13.0	1	1	G
1971	3	VC	2.0	-1	-1	A
1971	3	VI	0.0	0	-1	H
1971	3	VS	2.0	-1	-1	A
1971	4	VC	4.0	1	-1	I
1971	4	VI	0.0	0	-1	H
1971	4	VS	4.0	1	-1	I
1971	5	VC	3.0	-1	-1	G
1971	5	VI	0.0	0	-1	H
1971	5	VS	3.0	-1	-1	G
1971	6	VC	2.0	-1	-1	I
1971	6	VI	0.0	0	-1	H
1971	6	VS	2.0	-1	-1	I
1971	7	VC	1.0	-1	-1	I
1971	7	VI	0.0	0	-1	H
1971	7	VS	1.0	-1	-1	I
1971	8	VC	6.0	1	-1	I
1971	8	VI	0.0	0	-1	H
1971	8	VS	6.0	1	-1	I
1971	9	VC	3.0	-1	-1	G
1971	9	VI	0.0	0	-1	H
1971	9	VS	3.0	-1	-1	G
1971	10	VC	3.0	0	-1	I
1971	10	VI	0.0	0	-1	H
1971	10	VS	3.0	0	-1	I
1971	11	VC	6.0	1	-1	H
1971	11	VI	0.0	0	-1	H
1971	11	VS	6.0	1	-1	H
1971	12	VC	3.0	-1	-1	G
1971	12	VI	0.0	0	-1	H
1971	12	VS	3.0	-1	-1	G
1972	1	VC	15.0	1	1	I
1972	1	VI	0.0	0	-1	H
1972	1	VS	15.0	1	1	I
1972	2	VC	1.0	-1	-1	A
1972	2	VI	0.0	0	-1	H
1972	2	VS	1.0	-1	-1	A
1972	3	VC	12.0	1	1	I
1972	3	VI	0.0	0	-1	H
1972	3	VS	12.0	1	1	I
1972	4	VC	4.0	-1	-1	A
1972	4	VI	0.0	0	-1	H
1972	4	VS	4.0	-1	-1	A
1972	5	VC	19.0	1	1	I
1972	5	VI	0.0	0	-1	H
1972	5	VS	19.0	1	1	I
1972	6	VC	9.0	-1	-1	A
1972	6	VI	0.0	0	-1	H
1972	6	VS	9.0	-1	-1	A
1972	7	VC	3.0	-1	-1	I
1972	7	VI	0.0	0	-1	H
1972	7	VS	3.0	-1	-1	I
1972	8	VC	2.0	-1	-1	I
1972	8	VI	0.0	0	-1	H
1972	8	VS	2.0	-1	-1	I
1972	9	VC	7.0	1	-1	I
1972	9	VI	0.0	0	-1	H
1972	9	VS	7.0	1	-1	I
1972	10	VC	2.0	-1	-1	G
1972	10	VI	0.0	0	-1	H
1972	10	VS	2.0	-1	-1	G
1972	11	VC	5.0	1	-1	I
1972	11	VI	0.0	0	-1	H
1972	11	VS	5.0	1	-1	I
1972	12	VC	0.0	-1	-1	G
1972	12	VI	0.0	0	-1	H
1972	12	VS	0.0	-1	-1	G
1973	1	VC	9.0	1	1	I
1973	1	VI	0.0	0	-1	H
1973	1	VS	9.0	1	1	I
1973	2	VC	4.0	-1	-1	A
1973	2	VI	0.0	0	0	H
1973	2	VS	4.0	-1	-1	A
1973	3	VC	1.0	-1	-1	I
1973	3	VI	0.0	0	0	E
1973	3	VS	1.0	-1	-1	I
1973	4	VC	2.0	1	-1	I
1973	4	VI	0.0	0	0	E
1973	4	VS	2.0	1	-1	I
1973	5	VC	3.0	1	-1	G
1973	5	VI	0.0	0	0	E
1973	5	VS	3.0	1	-1	G
1973	6	VC	10.0	1	1	G
1973	6	VI	0.0	0	0	E
1973	6	VS	10.0	1	1	G
1973	7	VC	6.0	-1	1	A
1973	7	VI	0.0	0	0	E
1973	7	VS	6.0	-1	1	A
1973	8	VC	4.0	-1	-1	C
1973	8	VI	0.0	0	0	E
1973	8	VS	4.0	-1	-1	C
1973	9	VC	1.0	-1	-1	I
1973	9	VI	0.0	0	0	E
1973	9	VS	1.0	-1	-1	I
1973	10	VC	4.0	1	-1	I
1973	10	VI	0.0	0	0	E
1973	10	VS	4.0	1	-1	I
1973	11	VC	1.0	-1	-1	G
1973	11	VI	0.0	0	0	E
1973	11	VS	1.0	-1	-1	G
1973	12	VC	2.0	1	-1	I
1973	12	VI	0.0	0	0	E
1973	12	VS	2.0	1	-1	I
1974	1	VC	50.0	1	1	G
1974	1	VI	0.0	0	0	E
1974	1	VS	50.0	1	1	G
1974	2	VC	3.0	-1	-1	A
1974	2	VI	0.0	0	0	E
1974	2	VS	3.0	-1	-1	A
1974	3	VC	2.0	-1	-1	I
1974	3	VI	0.0	0	0	E
1974	3	VS	2.0	-1	-1	I
1974	4	VC	12.0	1	1	I
1974	4	VI	0.0	0	0	E
1974	4	VS	12.0	1	1	I
1974	5	VC	7.0	-1	1	A
1974	5	VI	0.0	0	0	E
1974	5	VS	7.0	-1	1	A
1974	6	VC	11.0	1	1	C
1974	6	VI	0.0	0	0	E
1974	6	VS	11.0	1	1	C
1974	7	VC	8.0	-1	1	A
1974	7	VI	0.0	0	0	E
1974	7	VS	8.0	-1	1	A
1974	8	VC	3.0	-1	-1	C
1974	8	VI	0.0	0	0	E
1974	8	VS	3.0	-1	-1	C
1974	9	VC	6.0	1	-1	I
1974	9	VI	0.0	0	0	E
1974	9	VS	6.0	1	-1	I
1974	10	VC	8.0	1	1	G
1974	10	VI	2.0	1	1	E
1974	10	VS	6.0	0	-1	G
1974	11	VC	0.0	-1	-1	A
1974	11	VI	0.0	-1	-1	A
1974	11	VS	0.0	-1	-1	H
1974	12	VC	1.0	1	-1	I
1974	12	VI	0.0	0	-1	I
1974	12	VS	1.0	1	-1	I
1975	1	VC	16.0	1	1	G
1975	1	VI	0.0	0	-1	H
1975	1	VS	16.0	1	1	G
1975	2	VC	11.0	-1	1	A
1975	2	VI	0.0	0	-1	H
1975	2	VS	11.0	-1	1	A
1975	3	VC	8.0	-1	1	C
1975	3	VI	0.0	0	-1	H
1975	3	VS	8.0	-1	1	C
1975	4	VC	3.0	-1	-1	C
1975	4	VI	0.0	0	-1	H
1975	4	VS	3.0	-1	-1	C
1975	5	VC	11.0	1	1	I
1975	5	VI	0.0	0	-1	H
1975	5	VS	11.0	1	1	I
1975	6	VC	12.0	1	1	A
1975	6	VI	0.0	0	-1	H
1975	6	VS	12.0	1	1	A
1975	7	VC	13.0	1	1	A
1975	7	VI	0.0	0	-1	H
1975	7	VS	13.0	1	1	A
1975	8	VC	19.0	1	1	A
1975	8	VI	0.0	0	-1	H
1975	8	VS	19.0	1	1	A
1975	9	VC	17.0	-1	1	A
1975	9	VI	0.0	0	-1	H
1975	9	VS	17.0	-1	1	A
1975	10	VC	5.0	-1	-1	C
1975	10	VI	0.0	0	-1	H
1975	10	VS	5.0	-1	-1	C
1975	11	VC	8.0	1	1	I
1975	11	VI	0.0	0	-1	H
1975	11	VS	8.0	1	1	I
1975	12	VC	4.0	-1	-1	A
1975	12	VI	0.0	0	-1	H
1975	12	VS	4.0	-1	-1	A
1976	1	VC	8.0	1	1	I
1976	1	VI	0.0	0	-1	H
1976	1	VS	8.0	1	1	I
1976	2	VC	6.0	-1	-1	A
1976	2	VI	0.0	0	-1	H
1976	2	VS	6.0	-1	-1	A
1976	3	VC	14.0	1	1	I
1976	3	VI	0.0	0	-1	H
1976	3	VS	14.0	1	1	I
1976	4	VC	1.0	-1	-1	A
1976	4	VI	0.0	0	-1	H
1976	4	VS	1.0	-1	-1	A
1976	5	VC	21.0	1	1	I
1976	5	VI	0.0	0	-1	H
1976	5	VS	21.0	1	1	I
1976	6	VC	4.0	-1	-1	A
1976	6	VI	0.0	0	-1	H
1976	6	VS	4.0	-1	-1	A
1976	7	VC	17.0	1	1	I
1976	7	VI	0.0	0	-1	H
1976	7	VS	17.0	1	1	I
1976	8	VC	8.0	-1	-1	A
1976	8	VI	0.0	0	-1	H
1976	8	VS	8.0	-1	-1	A
1976	9	VC	9.0	1	-1	I
1976	9	VI	0.0	0	-1	H
1976	9	VS	9.0	1	-1	I
1976	10	VC	6.0	-1	-1	G
1976	10	VI	0.0	0	-1	H
1976	10	VS	6.0	-1	-1	G
1976	11	VC	5.0	-1	-1	I
1976	11	VI	0.0	0	-1	H
1976	11	VS	5.0	-1	-1	I
1976	12	VC	4.0	-1	-1	I
1976	12	VI	0.0	0	-1	H
1976	12	VS	4.0	-1	-1	I
1977	1	VC	5.0	1	-1	I
1977	1	VI	0.0	0	-1	H
1977	1	VS	5.0	1	-1	I
1977	2	VC	13.0	1	1	G
1977	2	VI	0.0	0	-1	H
1977	2	VS	13.0	1	1	G
1977	3	VC	14.0	1	1	A
1977	3	VI	0.0	0	-1	H
1977	3	VS	14.0	1	1	A
1977	4	VC	14.0	0	1	A
1977	4	VI	0.0	0	-1	H
1977	4	VS	14.0	0	1	A
1977	5	VC	7.0	-1	-1	B
1977	5	VI	0.0	0	-1	H
1977	5	VS	7.0	-1	-1	B
1977	6	VC	15.0	1	1	I
1977	6	VI	0.0	0	-1	H
1977	6	VS	15.0	1	1	I
1977	7	VC	5.0	-1	-1	A
1977	7	VI	0.0	0	-1	H
1977	7	VS	5.0	-1	-1	A
1977	8	VC	23.0	1	1	I
1977	8	VI	0.0	0	-1	H
1977	8	VS	23.0	1	1	I
1977	9	VC	9.0	-1	-1	A
1977	9	VI	0.0	0	-1	H
1977	9	VS	9.0	-1	-1	A
1977	10	VC	10.0	1	1	I
1977	10	VI	0.0	0	0	H
1977	10	VS	10.0	1	1	I
1977	11	VC	10.0	0	1	A
1977	11	VI	0.0	0	0	E
1977	11	VS	10.0	0	1	A
1977	12	VC	19.0	1	1	B
1977	12	VI	0.0	0	0	E
1977	12	VS	19.0	1	1	B
1978	1	VC	20.0	1	1	A
1978	1	VI	0.0	0	0	E
1978	1	VS	20.0	1	1	A
1978	2	VC	15.0	-1	1	A
1978	2	VI	0.0	0	0	E
1978	2	VS	15.0	-1	1	A
1978	3	VC	11.0	-1	1	C
1978	3	VI	0.0	0	0	E
1978	3	VS	11.0	-1	1	C
1978	4	VC	7.0	-1	-1	C
1978	4	VI	0.0	0	0	E
1978	4	VS	7.0	-1	-1	C
1978	5	VC	20.0	1	1	I
1978	5	VI	0.0	0	0	E
1978	5	VS	20.0	1	1	I
1978	6	VC	10.0	-1	-1	A
1978	6	VI	1.0	1	1	E
1978	6	VS	9.0	-1	-1	A
1978	7	VC	17.0	1	1	I
1978	7	VI	0.0	-1	-1	A
1978	7	VS	17.0	1	1	I
1978	8	VC	27.0	1	1	A
1978	8	VI	1.0	1	1	I
1978	8	VS	26.0	1	1	A
1978	9	VC	32.0	1	1	A
1978	9	VI	0.0	-1	-1	A
1978	9	VS	32.0	1	1	A
1978	10	VC	10.0	-1	-1	A
1978	10	VI	0.0	0	-1	I
1978	10	VS	10.0	-1	-1	A
1978	11	VC	15.0	1	1	I
1978	11	VI	0.0	0	-1	H
1978	11	VS	15.0	1	1	I
1978	12	VC	7.0	-1	-1	A
1978	12	VI	0.0	0	-1	H
1978	12	VS	7.0	-1	-1	A
1979	1	VC	15.0	1	1	I
1979	1	VI	0.0	0	-1	H
1979	1	VS	15.0	1	1	I
1979	2	VC	13.0	-1	1	A
1979	2	VI	0.0	0	-1	H
1979	2	VS	13.0	-1	1	A
1979	3	VC	41.0	1	1	C
1979	3	VI	0.0	0	-1	H
1979	3	VS	41.0	1	1	C
1979	4	VC	20.0	-1	1	A
1979	4	VI	0.0	0	-1	H
1979	4	VS	20.0	-1	1	A
1979	5	VC	25.0	1	1	C
1979	5	VI	0.0	0	-1	H
1979	5	VS	25.0	1	1	C
1979	6	VC	42.0	1	1	A
1979	6	VI	0.0	0	-1	H
1979	6	VS	42.0	1	1	A
1979	7	VC	14.0	-1	-1	A
1979	7	VI	0.0	0	-1	H
1979	7	VS	14.0	-1	-1	A
1979	8	VC	11.0	-1	-1	I
1979	8	VI	0.0	0	-1	H
1979	8	VS	11.0	-1	-1	I
1979	9	VC	33.0	1	1	I
1979	9	VI	0.0	0	-1	H
1979	9	VS	33.0	1	1	I
1979	10	VC	14.0	-1	-1	A
1979	10	VI	0.0	0	-1	H
1979	10	VS	14.0	-1	-1	A
1979	11	VC	25.0	1	1	I
1979	11	VI	0.0	0	-1	H
1979	11	VS	25.0	1	1	I
1979	12	VC	25.0	0	1	A
1979	12	VI	0.0	0	-1	H
1979	12	VS	25.0	0	1	A
1980	1	VC	23.0	-1	1	B
1980	1	VI	0.0	0	-1	H
1980	1	VS	23.0	-1	1	B
1980	2	VC	29.0	1	1	C
1980	2	VI	0.0	0	-1	H
1980	2	VS	29.0	1	1	C
1980	3	VC	4.0	-1	-1	A
1980	3	VI	0.0	0	-1	H
1980	3	VS	4.0	-1	-1	A
1980	4	VC	13.0	1	-1	I
1980	4	VI	0.0	0	-1	H
1980	4	VS	13.0	1	-1	I
1980	5	VC	14.0	1	-1	G
1980	5	VI	0.0	0	-1	H
1980	5	VS	14.0	1	-1	G
1980	6	VC	15.0	1	-1	G
1980	6	VI	0.0	0	-1	H
1980	6	VS	15.0	1	-1	G
1980	7	VC	14.0	-1	-1	G
1980	7	VI	0.0	0	-1	H
1980	7	VS	14.0	-1	-1	G
1980	8	VC	33.0	1	1	I
1980	8	VI	0.0	0	-1	H
1980	8	VS	33.0	1	1	I
1980	9	VC	4.0	-1	-1	A
1980	9	VI	0.0	0	-1	H
1980	9	VS	4.0	-1	-1	A
1980	10	VC	17.0	1	-1	I
1980	10	VI	0.0	0	-1	H
1980	10	VS	17.0	1	-1	I
1980	11	VC	17.0	0	-1	G
1980	11	VI	0.0	0	-1	H
1980	11	VS	17.0	0	-1	G
1980	12	VC	25.0	1	1	H
1980	12	VI	0.0	0	-1	H
1980	12	VS	25.0	1	1	H
1981	1	VC	76.0	1	1	A
1981	1	VI	1.0	1	1	H
1981	1	VS	75.0	1	1	A
1981	2	VC	27.0	-1	1	A
1981	2	VI	0.0	-1	-1	A
1981	2	VS	27.0	-1	1	A
1981	3	VC	34.0	1	1	C
1981	3	VI	0.0	0	-1	I
1981	3	VS	34.0	1	1	C
1981	4	VC	28.0	-1	1	A
1981	4	VI	0.0	0	-1	H
1981	4	VS	28.0	-1	1	A
1981	5	VC	34.0	1	1	C
1981	5	VI	0.0	0	-1	H
1981	5	VS	34.0	1	1	C
1981	6	VC	15.0	-1	-1	A
1981	6	VI	0.0	0	-1	H
1981	6	VS	15.0	-1	-1	A
1981	7	VC	36.0	1	1	I
1981	7	VI	4.0	1	1	H
1981	7	VS	32.0	1	1	I
1981	8	VC	17.0	-1	-1	A
1981	8	VI	0.0	-1	-1	A
1981	8	VS	17.0	-1	-1	A
1981	9	VC	14.0	-1	-1	I
1981	9	VI	0.0	0	-1	I
1981	9	VS	14.0	-1	-1	I
1981	10	VC	68.0	1	1	I
1981	10	VI	1.0	1	1	H
1981	10	VS	67.0	1	1	I
1981	11	VC	37.0	-1	1	A
1981	11	VI	0.0	-1	-1	A
1981	11	VS	37.0	-1	1	A
1981	12	VC	46.0	1	1	C
1981	12	VI	0.0	0	-1	I
1981	12	VS	46.0	1	1	C
1982	1	VC	38.0	-1	1	A
1982	1	VI	0.0	0	-1	H
1982	1	VS	38.0	-1	1	A
1982	2	VC	31.0	-1	1	C
1982	2	VI	0.0	0	-1	H
1982	2	VS	31.0	-1	1	C
1982	3	VC	34.0	1	1	C
1982	3	VI	1.0	1	1	H
1982	3	VS	33.0	1	1	C
1982	4	VC	16.0	-1	-1	A
1982	4	VI	0.0	-1	-1	A
1982	4	VS	16.0	-1	-1	A
1982	5	VC	28.0	1	1	I
1982	5	VI	0.0	0	-1	I
1982	5	VS	28.0	1	1	I
1982	6	VC	50.0	1	1	A
1982	6	VI	0.0	0	-1	H
1982	6	VS	50.0	1	1	A
1982	7	VC	36.0	-1	1	A
1982	7	VI	0.0	0	-1	H
1982	7	VS	36.0	-1	1	A
1982	8	VC	63.0	1	1	C
1982	8	VI	0.0	0	-1	H
1982	8	VS	63.0	1	1	C
1982	9	VC	41.0	-1	1	A
1982	9	VI	0.0	0	-1	H
1982	9	VS	41.0	-1	1	A
1982	10	VC	55.0	1	1	C
1982	10	VI	0.0	0	-1	H
1982	10	VS	55.0	1	1	C
1982	11	VC	47.0	-1	1	A
1982	11	VI	1.0	1	1	H
1982	11	VS	46.0	-1	1	A
1982	12	VC	30.0	-1	-1	C
1982	12	VI	0.0	-1	-1	A
1982	12	VS	30.0	-1	-1	C
1983	1	VC	117.0	1	1	I
1983	1	VI	0.0	0	-1	I
1983	1	VS	117.0	1	1	I
1983	2	VC	95.0	-1	1	A
1983	2	VI	0.0	0	-1	H
1983	2	VS	95.0	-1	1	A
1983	3	VC	80.0	-1	1	C
1983	3	VI	0.0	0	-1	H
1983	3	VS	80.0	-1	1	C
1983	4	VC	92.0	1	1	C
1983	4	VI	0.0	0	-1	H
1983	4	VS	92.0	1	1	C
1983	5	VC	104.0	1	1	A
1983	5	VI	0.0	0	-1	H
1983	5	VS	104.0	1	1	A
1983	6	VC	93.0	-1	1	A
1983	6	VI	0.0	0	-1	H
1983	6	VS	93.0	-1	1	A
1983	7	VC	167.0	1	1	C
1983	7	VI	0.0	0	-1	H
1983	7	VS	167.0	1	1	C
1983	8	VC	134.0	-1	1	A
1983	8	VI	0.0	0	-1	H
1983	8	VS	134.0	-1	1	A
1983	9	VC	69.0	-1	1	C
1983	9	VI	0.0	0	-1	H
1983	9	VS	69.0	-1	1	C
1983	10	VC	51.0	-1	-1	C
1983	10	VI	0.0	0	-1	H
1983	10	VS	51.0	-1	-1	C
1983	11	VC	69.0	1	1	I
1983	11	VI	0.0	0	-1	H
1983	11	VS	69.0	1	1	I
1983	12	VC	42.0	-1	-1	A
1983	12	VI	0.0	0	-1	H
1983	12	VS	42.0	-1	-1	A
1984	1	VC	105.0	1	1	I
1984	1	VI	1.0	1	1	H
1984	1	VS	104.0	1	1	I
1984	2	VC	105.0	0	1	A
1984	2	VI	0.0	-1	-1	A
1984	2	VS	105.0	1	1	A
1984	3	VC	96.0	-1	1	B
1984	3	VI	1.0	1	1	I
1984	3	VS	95.0	-1	1	A
1984	4	VC	112.0	1	1	C
1984	4	VI	1.0	0	1	A
1984	4	VS	111.0	1	1	C
1984	5	VC	140.0	1	1	A
1984	5	VI	0.0	-1	-1	B
1984	5	VS	140.0	1	1	A
1984	6	VC	75.0	-1	1	A
1984	6	VI	0.0	0	-1	I
1984	6	VS	75.0	-1	1	A
1984	7	VC	94.0	1	1	C
1984	7	VI	2.0	1	1	H
1984	7	VS	92.0	1	1	C
1984	8	VC	108.0	1	1	A
1984	8	VI	0.0	-1	-1	A
1984	8	VS	108.0	1	1	A
1984	9	VC	73.0	-1	-1	A
1984	9	VI	1.0	1	1	I
1984	9	VS	72.0	-1	-1	A
1984	10	VC	110.0	1	1	I
1984	10	VI	0.0	-1	-1	A
1984	10	VS	110.0	1	1	I
1984	11	VC	81.0	-1	1	A
1984	11	VI	0.0	0	-1	I
1984	11	VS	81.0	-1	1	A
1984	12	VC	110.0	1	1	C
1984	12	VI	0.0	0	-1	H
1984	12	VS	110.0	1	1	C
1985	1	VC	136.0	1	1	A
1985	1	VI	0.0	0	-1	H
1985	1	VS	136.0	1	1	A
1985	2	VC	105.0	-1	1	A
1985	2	VI	0.0	0	-1	H
1985	2	VS	105.0	-1	1	A
1985	3	VC	162.0	1	1	C
1985	3	VI	0.0	0	-1	H
1985	3	VS	162.0	1	1	C
1985	4	VC	140.0	-1	1	A
1985	4	VI	1.0	1	1	H
1985	4	VS	139.0	-1	1	A
1985	5	VC	155.0	1	1	C
1985	5	VI	4.0	1	1	A
1985	5	VS	151.0	1	1	C
1985	6	VC	168.0	1	1	A
1985	6	VI	0.0	-1	-1	A
1985	6	VS	168.0	1	1	A
1985	7	VC	189.0	1	1	A
1985	7	VI	0.0	0	-1	I
1985	7	VS	189.0	1	1	A
1985	8	VC	147.0	-1	1	A
1985	8	VI	0.0	0	-1	H
1985	8	VS	147.0	-1	1	A
1985	9	VC	119.0	-1	1	C
1985	9	VI	2.0	1	1	H
1985	9	VS	117.0	-1	1	C
1985	10	VC	168.0	1	1	C
1985	10	VI	0.0	-1	-1	A
1985	10	VS	168.0	1	1	C
1985	11	VC	203.0	1	1	A
1985	11	VI	0.0	0	-1	I
1985	11	VS	203.0	1	1	A
1985	12	VC	361.0	1	1	A
1985	12	VI	0.0	0	-1	H
1985	12	VS	361.0	1	1	A
1986	1	VC	202.0	-1	1	A
1986	1	VI	0.0	0	-1	H
1986	1	VS	202.0	-1	1	A
1986	2	VC	109.0	-1	-1	C
1986	2	VI	0.0	0	-1	H
1986	2	VS	109.0	-1	-1	C
1986	3	VC	312.0	1	1	I
1986	3	VI	0.0	0	-1	H
1986	3	VS	312.0	1	1	I
1986	4	VC	184.0	-1	1	A
1986	4	VI	1.0	1	1	H
1986	4	VS	183.0	-1	1	A
1986	5	VC	148.0	-1	1	C
1986	5	VI	0.0	-1	-1	A
1986	5	VS	148.0	-1	1	C
1986	6	VC	211.0	1	1	C
1986	6	VI	0.0	0	-1	I
1986	6	VS	211.0	1	1	C
1986	7	VC	166.0	-1	1	A
1986	7	VI	0.0	0	-1	H
1986	7	VS	166.0	-1	1	A
1986	8	VC	187.0	1	1	C
1986	8	VI	0.0	0	-1	H
1986	8	VS	187.0	1	1	C
1986	9	VC	185.0	-1	1	A
1986	9	VI	0.0	0	-1	H
1986	9	VS	185.0	-1	1	A
1986	10	VC	166.0	-1	1	C
1986	10	VI	0.0	0	-1	H
1986	10	VS	166.0	-1	1	C
1986	11	VC	215.0	1	1	C
1986	11	VI	0.0	0	-1	H
1986	11	VS	215.0	1	1	C
1986	12	VC	215.0	0	1	A
1986	12	VI	0.0	0	-1	H
1986	12	VS	215.0	0	1	A
1987	1	VC	254.0	1	1	B
1987	1	VI	14.0	1	1	H
1987	1	VS	240.0	1	1	B
1987	2	VC	171.0	-1	1	A
1987	2	VI	0.0	-1	-1	A
1987	2	VS	171.0	-1	1	A
1987	3	VC	198.0	1	1	C
1987	3	VI	0.0	0	-1	I
1987	3	VS	198.0	1	1	C
1987	4	VC	216.0	1	1	A
1987	4	VI	1.0	1	1	H
1987	4	VS	215.0	1	1	A
1987	5	VC	196.0	-1	1	A
1987	5	VI	0.0	-1	-1	A
1987	5	VS	196.0	-1	1	A
1987	6	VC	171.0	-1	1	C
1987	6	VI	0.0	0	-1	I
1987	6	VS	171.0	-1	1	C
1987	7	VC	188.0	1	1	C
1987	7	VI	1.0	1	1	H
1987	7	VS	187.0	1	1	C
1987	8	VC	220.0	1	1	A
1987	8	VI	0.0	-1	-1	A
1987	8	VS	220.0	1	1	A
1987	9	VC	192.0	-1	1	A
1987	9	VI	1.0	1	1	I
1987	9	VS	191.0	-1	1	A
1987	10	VC	222.0	1	1	C
1987	10	VI	2.0	1	1	A
1987	10	VS	220.0	1	1	C
1987	11	VC	220.0	-1	1	A
1987	11	VI	0.0	-1	-1	A
1987	11	VS	220.0	0	1	A
1987	12	VC	251.0	1	1	C
1987	12	VI	0.0	0	-1	I
1987	12	VS	251.0	1	1	B
1988	1	VC	342.0	1	1	A
1988	1	VI	0.0	0	-1	H
1988	1	VS	342.0	1	1	A
1988	2	VC	434.0	1	1	A
1988	2	VI	0.0	0	-1	H
1988	2	VS	434.0	1	1	A
1988	3	VC	337.0	-1	1	A
1988	3	VI	6.0	1	1	H
1988	3	VS	331.0	-1	1	A
1988	4	VC	374.0	1	1	C
1988	4	VI	1.0	-1	1	A
1988	4	VS	373.0	1	1	C
1988	5	VC	302.0	-1	1	A
1988	5	VI	0.0	-1	-1	C
1988	5	VS	302.0	-1	1	A
1988	6	VC	337.0	1	1	C
1988	6	VI	0.0	0	-1	I
1988	6	VS	337.0	1	1	C
1988	7	VC	399.0	1	1	A
1988	7	VI	0.0	0	-1	H
1988	7	VS	399.0	1	1	A
1988	8	VC	409.0	1	1	A
1988	8	VI	0.0	0	-1	H
1988	8	VS	409.0	1	1	A
1988	9	VC	321.0	-1	1	A
1988	9	VI	0.0	0	-1	H
1988	9	VS	321.0	-1	1	A
1988	10	VC	377.0	1	1	C
1988	10	VI	0.0	0	-1	H
1988	10	VS	377.0	1	1	C
1988	11	VC	424.0	1	1	A
1988	11	VI	0.0	0	-1	H
1988	11	VS	424.0	1	1	A
1988	12	VC	462.0	1	1	A
1988	12	VI	0.0	0	-1	H
1988	12	VS	462.0	1	1	A
1989	1	VC	487.0	1	1	A
1989	1	VI	0.0	0	-1	H
1989	1	VS	487.0	1	1	A
1989	2	VC	404.0	-1	1	A
1989	2	VI	0.0	0	-1	H
1989	2	VS	404.0	-1	1	A
1989	3	VC	290.0	-1	1	C
1989	3	VI	2.0	1	1	H
1989	3	VS	288.0	-1	1	C
1989	4	VC	358.0	1	1	C
1989	4	VI	1.0	-1	1	A
1989	4	VS	357.0	1	1	C
1989	5	VC	373.0	1	1	A
1989	5	VI	0.0	-1	-1	C
1989	5	VS	373.0	1	1	A
1989	6	VC	345.0	-1	1	A
1989	6	VI	0.0	0	-1	I
1989	6	VS	345.0	-1	1	A
1989	7	VC	375.0	1	1	C
1989	7	VI	9.0	1	1	H
1989	7	VS	366.0	1	1	C
1989	8	VC	378.0	1	1	A
1989	8	VI	1.0	-1	-1	A
1989	8	VS	377.0	1	1	A
1989	9	VC	294.0	-1	-1	A
1989	9	VI	0.0	-1	-1	I
1989	9	VS	294.0	-1	-1	A
1989	10	VC	349.0	1	1	I
1989	10	VI	4.0	1	1	I
1989	10	VS	345.0	1	1	I
1989	11	VC	490.0	1	1	A
1989	11	VI	107.0	1	1	A
1989	11	VS	383.0	1	1	A
1989	12	VC	477.0	-1	1	A
1989	12	VI	64.0	-1	1	A
1989	12	VS	413.0	1	1	A
1990	1	VC	493.0	1	1	C
1990	1	VI	4.0	-1	-1	C
1990	1	VS	489.0	1	1	A
1990	2	VC	516.0	1	1	A
1990	2	VI	0.0	-1	-1	I
1990	2	VS	516.0	1	1	A
1990	3	VC	472.0	-1	1	A
1990	3	VI	0.0	0	-1	I
1990	3	VS	472.0	-1	1	A
1990	4	VC	416.0	-1	1	C
1990	4	VI	1.0	1	-1	H
1990	4	VS	415.0	-1	1	C
1990	5	VC	477.0	1	1	C
1990	5	VI	0.0	-1	-1	G
1990	5	VS	477.0	1	1	C
1990	6	VC	488.0	1	1	A
1990	6	VI	16.0	1	1	I
1990	6	VS	472.0	-1	1	A
1990	7	VC	530.0	1	1	A
1990	7	VI	0.0	-1	-1	A
1990	7	VS	530.0	1	1	C
1990	8	VC	458.0	-1	1	A
1990	8	VI	3.0	1	-1	I
1990	8	VS	455.0	-1	1	A
1990	9	VC	400.0	-1	1	C
1990	9	VI	8.0	1	1	G
1990	9	VS	392.0	-1	1	C
1990	10	VC	447.0	1	1	C
1990	10	VI	12.0	1	1	A
1990	10	VS	435.0	1	1	C
1990	11	VC	422.0	-1	1	A
1990	11	VI	1.0	-1	-1	A
1990	11	VS	421.0	-1	1	A
1990	12	VC	502.0	1	1	C
1990	12	VI	1.0	0	-1	I
1990	12	VS	501.0	1	1	C
1991	1	VC	588.0	1	1	A
1991	1	VI	2.0	1	-1	H
1991	1	VS	586.0	1	1	A
1991	2	VC	633.0	1	1	A
1991	2	VI	1.0	-1	-1	G
1991	2	VS	632.0	1	1	A
1991	3	VC	605.0	-1	1	A
1991	3	VI	2.0	1	-1	I
1991	3	VS	603.0	-1	1	A
1991	4	VC	530.0	-1	1	C
1991	4	VI	3.0	1	-1	G
1991	4	VS	527.0	-1	1	C
1991	5	VC	532.0	1	1	C
1991	5	VI	2.0	-1	-1	G
1991	5	VS	530.0	1	1	C
1991	6	VC	527.0	-1	1	A
1991	6	VI	9.0	1	1	I
1991	6	VS	518.0	-1	1	A
1991	7	VC	506.0	-1	1	C
1991	7	VI	2.0	-1	-1	A
1991	7	VS	504.0	-1	1	C
1991	8	VC	545.0	1	1	C
1991	8	VI	2.0	0	-1	I
1991	8	VS	543.0	1	1	C
1991	9	VC	601.0	1	1	A
1991	9	VI	1.0	-1	-1	H
1991	9	VS	600.0	1	1	A
1991	10	VC	499.0	-1	1	A
1991	10	VI	2.0	1	-1	I
1991	10	VS	497.0	-1	1	A
1991	11	VC	563.0	1	1	C
1991	11	VI	4.0	1	-1	G
1991	11	VS	559.0	1	1	C
1991	12	VC	577.0	1	1	A
1991	12	VI	4.0	0	-1	G
1991	12	VS	573.0	1	1	A
1992	1	VC	581.0	1	1	A
1992	1	VI	11.0	1	1	H
1992	1	VS	570.0	-1	1	A
1992	2	VC	480.0	-1	1	A
1992	2	VI	2.0	-1	-1	A
1992	2	VS	478.0	-1	1	C
1992	3	VC	482.0	1	1	C
1992	3	VI	8.0	1	1	I
1992	3	VS	474.0	-1	1	C
1992	4	VC	511.0	1	1	A
1992	4	VI	4.0	-1	-1	A
1992	4	VS	507.0	1	1	C
1992	5	VC	585.0	1	1	A
1992	5	VI	2.0	-1	-1	I
1992	5	VS	583.0	1	1	A
1992	6	VC	535.0	-1	1	A
1992	6	VI	6.0	1	-1	I
1992	6	VS	529.0	-1	1	A
1992	7	VC	626.0	1	1	C
1992	7	VI	2.0	-1	-1	G
1992	7	VS	624.0	1	1	C
1992	8	VC	608.0	-1	1	A
1992	8	VI	4.0	1	-1	I
1992	8	VS	604.0	-1	1	A
1992	9	VC	622.0	1	1	C
1992	9	VI	11.0	1	1	G
1992	9	VS	611.0	1	1	C
1992	10	VC	513.0	-1	-1	A
1992	10	VI	3.0	-1	-1	A
1992	10	VS	510.0	-1	-1	A
1992	11	VC	563.0	1	1	I
1992	11	VI	5.0	1	-1	I
1992	11	VS	558.0	1	1	I
1992	12	VC	609.0	1	1	A
1992	12	VI	2.0	-1	-1	G
1992	12	VS	607.0	1	1	A
1993	1	VC	608.0	-1	1	A
1993	1	VI	3.0	1	-1	I
1993	1	VS	605.0	-1	1	A
1993	2	VC	617.0	1	1	C
1993	2	VI	32.0	1	1	G
1993	2	VS	585.0	-1	1	C
1993	3	VC	565.0	-1	1	A
1993	3	VI	3.0	-1	-1	A
1993	3	VS	562.0	-1	1	C
1993	4	VC	512.0	-1	-1	C
1993	4	VI	11.0	1	1	I
1993	4	VS	501.0	-1	-1	C
1993	5	VC	509.0	-1	-1	I
1993	5	VI	5.0	-1	-1	A
1993	5	VS	504.0	1	-1	I
1993	6	VC	529.0	1	-1	I
1993	6	VI	1.0	-1	-1	I
1993	6	VS	528.0	1	-1	G
1993	7	VC	442.0	-1	-1	G
1993	7	VI	1.0	0	-1	I
1993	7	VS	441.0	-1	-1	G
1993	8	VC	487.0	1	-1	I
1993	8	VI	13.0	1	1	H
1993	8	VS	474.0	1	-1	I
1993	9	VC	479.0	-1	-1	G
1993	9	VI	6.0	-1	1	A
1993	9	VS	473.0	-1	-1	G
1993	10	VC	520.0	1	-1	I
1993	10	VI	3.0	-1	-1	C
1993	10	VS	517.0	1	-1	I
1993	11	VC	688.0	1	1	G
1993	11	VI	4.0	1	-1	I
1993	11	VS	684.0	1	1	G
1993	12	VC	651.0	-1	1	A
1993	12	VI	5.0	1	-1	G
1993	12	VS	646.0	-1	1	A
1994	1	VC	647.0	-1	1	C
1994	1	VI	3.0	-1	-1	G
1994	1	VS	644.0	-1	1	C
1994	2	VC	489.0	-1	-1	C
1994	2	VI	3.0	0	-1	I
1994	2	VS	486.0	-1	-1	C
1994	3	VC	519.0	1	-1	I
1994	3	VI	7.0	1	1	H
1994	3	VS	512.0	1	-1	I
1994	4	VC	524.0	1	-1	G
1994	4	VI	8.0	1	1	A
1994	4	VS	516.0	1	-1	G
1994	5	VC	479.0	-1	-1	G
1994	5	VI	2.0	-1	-1	A
1994	5	VS	477.0	-1	-1	G
1994	6	VC	562.0	1	1	I
1994	6	VI	0.0	-1	-1	I
1994	6	VS	562.0	1	1	I
1994	7	VC	514.0	-1	-1	A
1994	7	VI	5.0	1	-1	I
1994	7	VS	509.0	-1	-1	A
1994	8	VC	539.0	1	-1	I
1994	8	VI	6.0	1	1	G
1994	8	VS	533.0	1	-1	I
1994	9	VC	534.0	-1	-1	G
1994	9	VI	4.0	-1	-1	A
1994	9	VS	530.0	-1	-1	G
1994	10	VC	633.0	1	1	I
1994	10	VI	1.0	-1	-1	I
1994	10	VS	632.0	1	1	I
1994	11	VC	510.0	-1	-1	A
1994	11	VI	8.0	1	1	I
1994	11	VS	502.0	-1	-1	A
1994	12	VC	548.0	1	-1	I
1994	12	VI	2.0	-1	-1	A
1994	12	VS	546.0	1	1	I
1995	1	VC	727.0	1	1	G
1995	1	VI	1.0	-1	-1	I
1995	1	VS	726.0	1	1	A
1995	2	VC	550.0	-1	-1	A
1995	2	VI	2.0	1	-1	I
1995	2	VS	548.0	-1	-1	A
1995	3	VC	668.0	1	1	I
1995	3	VI	5.0	1	-1	G
1995	3	VS	663.0	1	1	I
1995	4	VC	569.0	-1	1	A
1995	4	VI	5.0	0	-1	G
1995	4	VS	564.0	-1	1	A
1995	5	VC	700.0	1	1	C
1995	5	VI	7.0	1	1	H
1995	5	VS	693.0	1	1	C
1995	6	VC	623.0	-1	1	A
1995	6	VI	29.0	1	1	A
1995	6	VS	594.0	-1	1	A
1995	7	VC	653.0	1	1	C
1995	7	VI	3.0	-1	-1	A
1995	7	VS	650.0	1	1	C
1995	8	VC	716.0	1	1	A
1995	8	VI	2.0	-1	-1	I
1995	8	VS	714.0	1	1	A
1995	9	VC	712.0	-1	1	A
1995	9	VI	2.0	0	-1	I
1995	9	VS	710.0	-1	1	A
1995	10	VC	581.0	-1	1	C
1995	10	VI	5.0	1	-1	H
1995	10	VS	576.0	-1	1	C
1995	11	VC	606.0	1	1	C
1995	11	VI	2.0	-1	-1	G
1995	11	VS	604.0	1	1	C
1995	12	VC	668.0	1	1	A
1995	12	VI	7.0	1	1	I
1995	12	VS	661.0	1	1	A
1996	1	VC	784.0	1	1	A
1996	1	VI	5.0	-1	-1	A
1996	1	VS	779.0	1	1	A
1996	2	VC	687.0	-1	1	A
1996	2	VI	2.0	-1	-1	I
1996	2	VS	685.0	-1	1	A
1996	3	VC	766.0	1	1	C
1996	3	VI	0.0	-1	-1	I
1996	3	VS	766.0	1	1	C
1996	4	VC	808.0	1	1	A
1996	4	VI	8.0	1	1	I
1996	4	VS	800.0	1	1	A
1996	5	VC	950.0	1	1	A
1996	5	VI	4.0	-1	-1	A
1996	5	VS	946.0	1	1	A
1996	6	VC	902.0	-1	1	A
1996	6	VI	4.0	0	-1	I
1996	6	VS	898.0	-1	1	A
1996	7	VC	961.0	1	1	C
1996	7	VI	6.0	1	1	H
1996	7	VS	955.0	1	1	C
1996	8	VC	929.0	-1	1	A
1996	8	VI	6.0	0	1	A
1996	8	VS	923.0	-1	1	A
1996	9	VC	863.0	-1	1	C
1996	9	VI	1.0	-1	-1	B
1996	9	VS	862.0	-1	1	C
1996	10	VC	951.0	1	1	C
1996	10	VI	3.0	1	-1	I
1996	10	VS	948.0	1	1	C
1996	11	VC	1015.0	1	1	A
1996	11	VI	2.0	-1	-1	G
1996	11	VS	1013.0	1	1	A
1996	12	VC	982.0	-1	1	A
1996	12	VI	9.0	1	1	I
1996	12	VS	973.0	-1	1	A
1997	1	VC	1152.0	1	1	C
1997	1	VI	7.0	-1	1	A
1997	1	VS	1145.0	1	1	C
1997	2	VC	1040.0	-1	1	A
1997	2	VI	19.0	1	1	C
1997	2	VS	1021.0	-1	1	A
1997	3	VC	1105.0	1	1	C
1997	3	VI	5.0	-1	-1	A
1997	3	VS	1100.0	1	1	C
1997	4	VC	986.0	-1	1	A
1997	4	VI	8.0	1	1	I
1997	4	VS	978.0	-1	1	A
1997	5	VC	1232.0	1	1	C
1997	5	VI	6.0	-1	1	A
1997	5	VS	1226.0	1	1	C
1997	6	VC	1170.0	-1	1	A
1997	6	VI	8.0	1	1	C
1997	6	VS	1162.0	-1	1	A
1997	7	VC	1136.0	-1	1	C
1997	7	VI	25.0	1	1	A
1997	7	VS	1111.0	-1	1	C
1997	8	VC	1228.0	1	1	C
1997	8	VI	4.0	-1	-1	A
1997	8	VS	1224.0	1	1	C
1997	9	VC	1256.0	1	1	A
1997	9	VI	12.0	1	1	I
1997	9	VS	1244.0	1	1	A
1997	10	VC	1049.0	-1	1	A
1997	10	VI	4.0	-1	-1	A
1997	10	VS	1045.0	-1	1	A
1997	11	VC	1128.0	1	1	C
1997	11	VI	3.0	-1	-1	I
1997	11	VS	1125.0	1	1	C
1997	12	VC	1077.0	-1	1	A
1997	12	VI	4.0	1	-1	I
1997	12	VS	1073.0	-1	1	A
1998	1	VC	1088.0	1	1	C
1998	1	VI	4.0	0	-1	G
1998	1	VS	1084.0	1	1	C
1998	2	VC	939.0	-1	1	A
1998	2	VI	22.0	1	1	H
1998	2	VS	917.0	-1	1	A
1998	3	VC	1212.0	1	1	C
1998	3	VI	2.0	-1	-1	A
1998	3	VS	1210.0	1	1	C
1998	4	VC	976.0	-1	1	A
1998	4	VI	2.0	0	-1	I
1998	4	VS	974.0	-1	1	A
1998	5	VC	1090.0	1	1	C
1998	5	VI	6.0	1	-1	H
1998	5	VS	1084.0	1	1	C
1998	6	VC	938.0	-1	-1	A
1998	6	VI	6.0	0	-1	G
1998	6	VS	932.0	-1	-1	A
1998	7	VC	1027.0	1	1	I
1998	7	VI	5.0	-1	-1	H
1998	7	VS	1022.0	1	1	I
1998	8	VC	1306.0	1	1	A
1998	8	VI	5.0	0	-1	I
1998	8	VS	1301.0	1	1	A
1998	9	VC	1086.0	-1	1	A
1998	9	VI	12.0	1	1	H
1998	9	VS	1074.0	-1	1	A
1998	10	VC	1230.0	1	1	C
1998	10	VI	4.0	-1	-1	A
1998	10	VS	1226.0	1	1	C
1998	11	VC	1254.0	1	1	A
1998	11	VI	6.0	1	-1	I
1998	11	VS	1248.0	1	1	A
1998	12	VC	1017.0	-1	-1	A
1998	12	VI	3.0	-1	-1	G
1998	12	VS	1014.0	-1	-1	A
1999	1	VC	1381.0	1	1	I
1999	1	VI	4.0	1	-1	I
1999	1	VS	1377.0	1	1	I
1999	2	VC	1021.0	-1	-1	A
1999	2	VI	0.0	-1	-1	G
1999	2	VS	1021.0	-1	-1	A
1999	3	VC	1111.0	1	1	I
1999	3	VI	2.0	1	-1	I
1999	3	VS	1109.0	1	1	I
1999	4	VC	1026.0	-1	-1	A
1999	4	VI	8.0	1	1	G
1999	4	VS	1018.0	-1	-1	A
1999	5	VC	1428.0	1	1	I
1999	5	VI	5.0	-1	-1	A
1999	5	VS	1423.0	1	1	I
1999	6	VC	1336.0	-1	1	A
1999	6	VI	1.0	-1	-1	I
1999	6	VS	1335.0	-1	1	A
1999	7	VC	1321.0	-1	1	C
1999	7	VI	14.0	1	1	I
1999	7	VS	1307.0	-1	1	C
1999	8	VC	1359.0	1	1	C
1999	8	VI	14.0	0	1	A
1999	8	VS	1345.0	1	1	C
1999	9	VC	1272.0	-1	1	A
1999	9	VI	4.0	-1	-1	B
1999	9	VS	1268.0	-1	1	A
1999	10	VC	1243.0	-1	1	C
1999	10	VI	3.0	-1	-1	I
1999	10	VS	1240.0	-1	1	C
1999	11	VC	1368.0	1	1	C
1999	11	VI	6.0	1	-1	I
1999	11	VS	1362.0	1	1	C
1999	12	VC	1435.0	1	1	A
1999	12	VI	13.0	1	1	G
1999	12	VS	1422.0	1	1	A
2000	1	VC	1724.0	1	1	A
2000	1	VI	13.0	0	1	A
2000	1	VS	1711.0	1	1	A
2000	2	VC	1568.0	-1	1	A
2000	2	VI	6.0	-1	-1	B
2000	2	VS	1562.0	-1	1	A
2000	3	VC	1741.0	1	1	C
2000	3	VI	22.0	1	1	I
2000	3	VS	1719.0	1	1	C
2000	4	VC	1570.0	-1	1	A
2000	4	VI	13.0	-1	1	A
2000	4	VS	1557.0	-1	1	A
2000	5	VC	1582.0	1	1	C
2000	5	VI	6.0	-1	-1	C
2000	5	VS	1576.0	1	1	C
2000	6	VC	1672.0	1	1	A
2000	6	VI	10.0	1	1	I
2000	6	VS	1662.0	1	1	A
2000	7	VC	1622.0	-1	1	A
2000	7	VI	10.0	0	1	A
2000	7	VS	1612.0	-1	1	A
2000	8	VC	1866.0	1	1	C
2000	8	VI	10.0	0	1	B
2000	8	VS	1856.0	1	1	C
2000	9	VC	1794.0	-1	1	A
2000	9	VI	6.0	-1	-1	B
2000	9	VS	1788.0	-1	1	A
2000	10	VC	1580.0	-1	1	C
2000	10	VI	6.0	0	-1	I
2000	10	VS	1574.0	-1	1	C
2000	11	VC	1945.0	1	1	C
2000	11	VI	15.0	1	1	H
2000	11	VS	1930.0	1	1	C
2000	12	VC	1717.0	-1	1	A
2000	12	VI	31.0	1	1	A
2000	12	VS	1686.0	-1	1	A
2001	1	VC	2102.0	1	1	C
2001	1	VI	13.0	-1	1	A
2001	1	VS	2089.0	1	1	C
2001	2	VC	1642.0	-1	1	A
2001	2	VI	17.0	1	1	C
2001	2	VS	1625.0	-1	1	A
2001	3	VC	1872.0	1	1	C
2001	3	VI	21.0	1	1	A
2001	3	VS	1851.0	1	1	C
2001	4	VC	1682.0	-1	1	A
2001	4	VI	9.0	-1	-1	A
2001	4	VS	1673.0	-1	1	A
2001	5	VC	1693.0	1	1	C
2001	5	VI	12.0	1	1	I
2001	5	VS	1681.0	1	1	C
2001	6	VC	1582.0	-1	1	A
2001	6	VI	27.0	1	1	A
2001	6	VS	1555.0	-1	1	A
2001	7	VC	1600.0	1	1	C
2001	7	VI	18.0	-1	1	A
2001	7	VS	1582.0	1	1	C
2001	8	VC	1832.0	1	1	A
2001	8	VI	28.0	1	1	C
2001	8	VS	1804.0	1	1	A
2001	9	VC	1673.0	-1	1	A
2001	9	VI	14.0	-1	1	A
2001	9	VS	1659.0	-1	1	A
2001	10	VC	1905.0	1	1	C
2001	10	VI	33.0	1	1	C
2001	10	VS	1872.0	1	1	C
2001	11	VC	1871.0	-1	1	A
2001	11	VI	18.0	-1	1	A
2001	11	VS	1853.0	-1	1	A
2001	12	VC	2031.0	1	1	C
2001	12	VI	15.0	-1	1	C
2001	12	VS	2016.0	1	1	C
2002	1	VC	2074.0	1	1	A
2002	1	VI	65.0	1	1	C
2002	1	VS	2009.0	-1	1	A
2002	2	VC	1804.0	-1	1	A
2002	2	VI	24.0	-1	1	A
2002	2	VS	1780.0	-1	1	C
2002	3	VC	2055.0	1	1	C
2002	3	VI	62.0	1	1	C
2002	3	VS	1993.0	1	1	C
2002	4	VC	2060.0	1	1	A
2002	4	VI	36.0	-1	1	A
2002	4	VS	2024.0	1	1	A
2002	5	VC	2249.0	1	1	A
2002	5	VI	43.0	1	1	C
2002	5	VS	2206.0	1	1	A
2002	6	VC	2083.0	-1	1	A
2002	6	VI	23.0	-1	1	A
2002	6	VS	2060.0	-1	1	A
2002	7	VC	1964.0	-1	1	C
2002	7	VI	20.0	-1	1	C
2002	7	VS	1944.0	-1	1	C
2002	8	VC	2161.0	1	1	C
2002	8	VI	61.0	1	1	C
2002	8	VS	2100.0	1	1	C
2002	9	VC	1888.0	-1	1	A
2002	9	VI	47.0	-1	1	A
2002	9	VS	1841.0	-1	1	A
2002	10	VC	1788.0	-1	-1	C
2002	10	VI	24.0	-1	1	C
2002	10	VS	1764.0	-1	-1	C
2002	11	VC	1836.0	1	1	I
2002	11	VI	25.0	1	1	C
2002	11	VS	1811.0	1	1	I
2002	12	VC	1546.0	-1	-1	A
2002	12	VI	27.0	1	1	A
2002	12	VS	1519.0	-1	-1	A
2003	1	VC	1860.0	1	1	I
2003	1	VI	36.0	1	1	A
2003	1	VS	1824.0	1	1	I
2003	2	VC	1714.0	-1	-1	A
2003	2	VI	88.0	1	1	A
2003	2	VS	1626.0	-1	-1	A
2003	3	VC	1882.0	1	1	I
2003	3	VI	54.0	-1	1	A
2003	3	VS	1828.0	1	1	I
2003	4	VC	1551.0	-1	-1	A
2003	4	VI	41.0	-1	1	C
2003	4	VS	1510.0	-1	-1	A
2003	5	VC	1690.0	1	-1	I
2003	5	VI	45.0	1	1	C
2003	5	VS	1645.0	1	-1	I
2003	6	VC	1464.0	-1	-1	G
2003	6	VI	47.0	1	1	A
2003	6	VS	1417.0	-1	-1	G
2003	7	VC	1444.0	-1	-1	I
2003	7	VI	51.0	1	1	A
2003	7	VS	1393.0	-1	-1	I
2003	8	VC	1482.0	1	-1	I
2003	8	VI	50.0	-1	1	A
2003	8	VS	1432.0	1	-1	I
2003	9	VC	1279.0	-1	-1	G
2003	9	VI	58.0	1	1	C
2003	9	VS	1221.0	-1	-1	G
2003	10	VC	1287.0	1	-1	I
2003	10	VI	61.0	1	1	A
2003	10	VS	1226.0	1	-1	I
2003	11	VC	1318.0	1	-1	G
2003	11	VI	31.0	-1	-1	A
2003	11	VS	1287.0	1	-1	G
2003	12	VC	1236.0	-1	-1	G
2003	12	VI	26.0	-1	-1	I
2003	12	VS	1210.0	-1	-1	G
2004	1	VC	1311.0	1	-1	I
2004	1	VI	59.0	1	1	I
2004	1	VS	1252.0	1	-1	I
2004	2	VC	1170.0	-1	-1	G
2004	2	VI	72.0	1	1	A
2004	2	VS	1098.0	-1	-1	G
2004	3	VC	1371.0	1	-1	I
2004	3	VI	113.0	1	1	A
2004	3	VS	1258.0	1	-1	I
2004	4	VC	1245.0	-1	-1	G
2004	4	VI	55.0	-1	1	A
2004	4	VS	1190.0	-1	-1	G
2004	5	VC	1353.0	1	-1	I
2004	5	VI	61.0	1	1	C
2004	5	VS	1292.0	1	-1	I
2004	6	VC	1279.0	-1	-1	G
2004	6	VI	83.0	1	1	A
2004	6	VS	1196.0	-1	-1	G
2004	7	VC	1101.0	-1	-1	I
2004	7	VI	77.0	-1	1	A
2004	7	VS	1024.0	-1	-1	I
2004	8	VC	1182.0	1	-1	I
2004	8	VI	45.0	-1	-1	C
2004	8	VS	1137.0	1	-1	I
2004	9	VC	1019.0	-1	-1	G
2004	9	VI	61.0	1	1	I
2004	9	VS	958.0	-1	-1	G
2004	10	VC	952.0	-1	-1	I
2004	10	VI	76.0	1	1	A
2004	10	VS	876.0	-1	-1	I
2004	11	VC	995.0	1	-1	I
2004	11	VI	48.0	-1	-1	A
2004	11	VS	947.0	1	-1	I
2004	12	VC	996.0	1	-1	G
2004	12	VI	55.0	1	1	I
2004	12	VS	941.0	-1	-1	G
2005	1	VC	998.0	1	-1	G
2005	1	VI	69.0	1	1	A
2005	1	VS	929.0	-1	-1	I
2005	2	VC	848.0	-1	-1	G
2005	2	VI	90.0	1	1	A
2005	2	VS	758.0	-1	-1	I
2005	3	VC	841.0	-1	-1	I
2005	3	VI	55.0	-1	1	A
2005	3	VS	786.0	1	-1	I
2005	4	VC	826.0	-1	-1	I
2005	4	VI	65.0	1	1	C
2005	4	VS	761.0	-1	-1	G
2005	5	VC	925.0	1	-1	I
2005	5	VI	68.0	1	1	A
2005	5	VS	857.0	1	-1	I
2005	6	VC	845.0	-1	-1	G
2005	6	VI	54.0	-1	-1	A
2005	6	VS	791.0	-1	-1	G
2005	7	VC	760.0	-1	-1	I
2005	7	VI	58.0	1	1	I
2005	7	VS	702.0	-1	-1	I
2005	8	VC	698.0	-1	-1	I
2005	8	VI	48.0	-1	-1	A
2005	8	VS	650.0	-1	-1	I
2005	9	VC	621.0	-1	-1	I
2005	9	VI	49.0	1	-1	I
2005	9	VS	572.0	-1	-1	I
2005	10	VC	608.0	-1	-1	I
2005	10	VI	48.0	-1	-1	G
2005	10	VS	560.0	-1	-1	I
2005	11	VC	689.0	1	-1	I
2005	11	VI	59.0	1	1	I
2005	11	VS	630.0	1	-1	I
2005	12	VC	595.0	-1	-1	G
2005	12	VI	62.0	1	1	A
2005	12	VS	533.0	-1	-1	G
2006	1	VC	540.0	-1	-1	I
2006	1	VI	53.0	-1	-1	A
2006	1	VS	487.0	-1	-1	I
2006	2	VC	575.0	1	-1	I
2006	2	VI	105.0	1	1	I
2006	2	VS	470.0	-1	-1	I
2006	3	VC	490.0	-1	-1	G
2006	3	VI	101.0	-1	1	A
2006	3	VS	389.0	-1	-1	I
2006	4	VC	465.0	-1	-1	I
2006	4	VI	97.0	-1	1	C
2006	4	VS	368.0	-1	-1	I
2006	5	VC	438.0	-1	-1	I
2006	5	VI	84.0	-1	1	C
2006	5	VS	354.0	-1	-1	I
2006	6	VC	437.0	-1	-1	I
2006	6	VI	48.0	-1	-1	C
2006	6	VS	389.0	1	-1	I
2006	7	VC	498.0	1	-1	I
2006	7	VI	94.0	1	1	I
2006	7	VS	404.0	1	-1	G
2006	8	VC	528.0	1	-1	G
2006	8	VI	116.0	1	1	A
2006	8	VS	412.0	1	-1	G
2006	9	VC	417.0	-1	-1	G
2006	9	VI	87.0	-1	1	A
2006	9	VS	330.0	-1	-1	G
2006	10	VC	436.0	1	-1	I
2006	10	VI	76.0	-1	1	C
2006	10	VS	360.0	1	-1	I
2006	11	VC	446.0	1	-1	G
2006	11	VI	64.0	-1	-1	C
2006	11	VS	382.0	1	-1	G
2006	12	VC	429.0	-1	-1	G
2006	12	VI	42.0	-1	-1	I
2006	12	VS	387.0	1	-1	G
2007	1	VC	434.0	1	-1	I
2007	1	VI	74.0	1	1	I
2007	1	VS	360.0	-1	-1	G
2007	2	VC	358.0	-1	-1	G
2007	2	VI	78.0	1	1	A
2007	2	VS	280.0	-1	-1	I
2007	3	VC	391.0	1	-1	I
2007	3	VI	107.0	1	1	A
2007	3	VS	284.0	1	-1	I
2007	4	VC	350.0	-1	-1	G
2007	4	VI	71.0	-1	1	A
2007	4	VS	279.0	-1	-1	G
2007	5	VC	362.0	1	-1	I
2007	5	VI	91.0	1	1	C
2007	5	VS	271.0	-1	-1	I
2007	6	VC	353.0	-1	-1	G
2007	6	VI	67.0	-1	-1	A
2007	6	VS	286.0	1	-1	I
2007	7	VC	347.0	-1	-1	I
2007	7	VI	58.0	-1	-1	I
2007	7	VS	289.0	1	-1	G
2007	8	VC	310.0	-1	-1	I
2007	8	VI	64.0	1	-1	I
2007	8	VS	246.0	-1	-1	G
2007	9	VC	316.0	1	-1	I
2007	9	VI	74.0	1	1	G
2007	9	VS	242.0	-1	-1	I
2007	10	VC	330.0	1	-1	G
2007	10	VI	81.0	1	1	A
2007	10	VS	249.0	1	-1	I
2007	11	VC	275.0	-1	-1	G
2007	11	VI	50.0	-1	-1	A
2007	11	VS	225.0	-1	-1	G
2007	12	VC	292.0	1	-1	I
2007	12	VI	35.0	-1	-1	I
2007	12	VS	257.0	1	-1	I
2008	1	VC	367.0	1	-1	G
2008	1	VI	44.0	1	-1	I
2008	1	VS	323.0	1	-1	G
2008	2	VC	382.0	1	-1	G
2008	2	VI	148.0	1	1	G
2008	2	VS	234.0	-1	-1	G
2008	3	VC	335.0	-1	-1	G
2008	3	VI	73.0	-1	1	A
2008	3	VS	262.0	1	-1	I
2008	4	VC	253.0	-1	-1	I
2008	4	VI	51.0	-1	-1	C
2008	4	VS	202.0	-1	-1	G
2008	5	VC	237.0	-1	-1	I
2008	5	VI	52.0	1	-1	I
2008	5	VS	185.0	-1	-1	I
2008	6	VC	258.0	1	-1	I
2008	6	VI	71.0	1	-1	G
2008	6	VS	187.0	1	-1	I
2008	7	VC	326.0	1	-1	G
2008	7	VI	76.0	1	1	G
2008	7	VS	250.0	1	-1	G
2008	8	VC	320.0	-1	-1	G
2008	8	VI	108.0	1	1	A
2008	8	VS	212.0	-1	-1	G
2008	9	VC	265.0	-1	-1	I
2008	9	VI	71.0	-1	-1	A
2008	9	VS	194.0	-1	-1	I
2008	10	VC	272.0	1	-1	I
2008	10	VI	84.0	1	1	I
2008	10	VS	188.0	-1	-1	I
2008	11	VC	257.0	-1	-1	G
2008	11	VI	38.0	-1	-1	A
2008	11	VS	219.0	1	-1	I
2008	12	VC	256.0	-1	-1	I
2008	12	VI	52.0	1	-1	I
2008	12	VS	204.0	-1	-1	G
2009	1	VC	271.0	1	-1	I
2009	1	VI	72.0	1	-1	G
2009	1	VS	199.0	-1	-1	I
2009	2	VC	283.0	1	-1	G
2009	2	VI	71.0	-1	-1	G
2009	2	VS	212.0	1	-1	I
2009	3	VC	316.0	1	-1	G
2009	3	VI	119.0	1	1	I
2009	3	VS	197.0	-1	-1	G
2009	4	VC	330.0	1	-1	G
2009	4	VI	104.0	-1	1	A
2009	4	VS	226.0	1	-1	I
2009	5	VC	262.0	-1	-1	G
2009	5	VI	71.0	-1	-1	C
2009	5	VS	191.0	-1	-1	G
2009	6	VC	230.0	-1	-1	I
2009	6	VI	80.0	1	1	I
2009	6	VS	150.0	-1	-1	I
2009	7	VC	225.0	-1	-1	I
2009	7	VI	56.0	-1	-1	A
2009	7	VS	169.0	1	-1	I
2009	8	VC	242.0	1	-1	I
2009	8	VI	67.0	1	-1	I
2009	8	VS	175.0	1	-1	G
2009	9	VC	243.0	1	-1	G
2009	9	VI	86.0	1	1	G
2009	9	VS	157.0	-1	-1	G
2009	10	VC	275.0	1	-1	G
2009	10	VI	54.0	-1	-1	A
2009	10	VS	221.0	1	-1	I
2009	11	VC	227.0	-1	-1	G
2009	11	VI	56.0	1	-1	I
2009	11	VS	171.0	-1	-1	G
2009	12	VC	213.0	-1	-1	I
2009	12	VI	73.0	1	1	G
2009	12	VS	140.0	-1	-1	I
2010	1	VC	249.0	1	-1	I
2010	1	VI	54.0	-1	-1	A
2010	1	VS	195.0	1	-1	I
2010	2	VC	165.0	-1	-1	G
2010	2	VI	44.0	-1	-1	I
2010	2	VS	121.0	-1	-1	G
2010	3	VC	267.0	1	-1	I
2010	3	VI	80.0	1	1	I
2010	3	VS	187.0	1	-1	I
2010	4	VC	279.0	1	-1	G
2010	4	VI	152.0	1	1	A
2010	4	VS	127.0	-1	-1	G
2010	5	VC	225.0	-1	-1	G
2010	5	VI	71.0	-1	-1	A
2010	5	VS	154.0	1	-1	I
2010	6	VC	205.0	-1	-1	I
2010	6	VI	61.0	-1	-1	I
2010	6	VS	144.0	-1	-1	G
2010	7	VC	209.0	1	-1	I
2010	7	VI	42.0	-1	-1	I
2010	7	VS	167.0	1	-1	I
2010	8	VC	189.0	-1	-1	G
2010	8	VI	54.0	1	-1	I
2010	8	VS	135.0	-1	-1	G
2010	9	VC	199.0	1	-1	I
2010	9	VI	45.0	-1	-1	G
2010	9	VS	154.0	1	-1	I
2010	10	VC	271.0	1	1	G
2010	10	VI	109.0	1	1	I
2010	10	VS	162.0	1	-1	G
2010	11	VC	235.0	-1	-1	A
2010	11	VI	78.0	-1	1	A
2010	11	VS	157.0	-1	-1	G
2010	12	VC	146.0	-1	-1	I
2010	12	VI	23.0	-1	-1	C
2010	12	VS	123.0	-1	-1	I
2011	1	VC	181.0	1	-1	I
2011	1	VI	49.0	1	-1	I
2011	1	VS	132.0	1	-1	I
2011	2	VC	207.0	1	-1	G
2011	2	VI	82.0	1	1	G
2011	2	VS	125.0	-1	-1	G
2011	3	VC	236.0	1	-1	G
2011	3	VI	64.0	-1	-1	A
2011	3	VS	172.0	1	-1	I
2011	4	VC	192.0	-1	-1	G
2011	4	VI	71.0	1	1	I
2011	4	VS	121.0	-1	-1	G
2011	5	VC	261.0	1	1	I
2011	5	VI	67.0	-1	-1	A
2011	5	VS	194.0	1	1	I
2011	6	VC	226.0	-1	-1	A
2011	6	VI	70.0	1	-1	I
2011	6	VS	156.0	-1	-1	A
2011	7	VC	218.0	-1	-1	I
2011	7	VI	62.0	-1	-1	G
2011	7	VS	156.0	0	-1	I
2011	8	VC	238.0	1	1	I
2011	8	VI	56.0	-1	-1	I
2011	8	VS	182.0	1	1	H
2011	9	VC	199.0	-1	-1	A
2011	9	VI	51.0	-1	-1	I
2011	9	VS	148.0	-1	-1	A
2011	10	VC	182.0	-1	-1	I
2011	10	VI	45.0	-1	-1	I
2011	10	VS	137.0	-1	-1	I
2011	11	VC	205.0	1	-1	I
2011	11	VI	49.0	1	-1	I
2011	11	VS	156.0	1	-1	I
2011	12	VC	171.0	-1	-1	G
2011	12	VI	45.0	-1	-1	G
2011	12	VS	126.0	-1	-1	G
2012	1	VC	228.0	1	-1	I
2012	1	VI	38.0	-1	-1	I
2012	1	VS	190.0	1	1	I
2012	2	VC	250.0	1	1	G
2012	2	VI	100.0	1	1	I
2012	2	VS	150.0	-1	-1	A
2012	3	VC	203.0	-1	-1	A
2012	3	VI	43.0	-1	-1	A
2012	3	VS	160.0	1	1	I
2012	4	VC	139.0	-1	-1	I
2012	4	VI	38.0	-1	-1	I
2012	4	VS	101.0	-1	-1	A
2012	5	VC	183.0	1	-1	I
2012	5	VI	39.0	1	-1	I
2012	5	VS	144.0	1	-1	I
2012	6	VC	242.0	1	1	G
2012	6	VI	58.0	1	-1	G
2012	6	VS	184.0	1	1	G
2012	7	VC	199.0	-1	-1	A
2012	7	VI	44.0	-1	-1	G
2012	7	VS	155.0	-1	1	A
2012	8	VC	242.0	1	1	I
2012	8	VI	63.0	1	1	I
2012	8	VS	179.0	1	1	C
2012	9	VC	213.0	-1	-1	A
2012	9	VI	54.0	-1	-1	A
2012	9	VS	159.0	-1	1	A
2012	10	VC	201.0	-1	-1	I
2012	10	VI	42.0	-1	-1	I
2012	10	VS	159.0	0	1	C
2012	11	VC	188.0	-1	-1	I
2012	11	VI	44.0	1	-1	I
2012	11	VS	144.0	-1	-1	B
2012	12	VC	166.0	-1	-1	I
2012	12	VI	18.0	-1	-1	G
2012	12	VS	148.0	1	-1	I
2013	1	VC	163.0	-1	-1	I
2013	1	VI	36.0	1	-1	I
2013	1	VS	127.0	-1	-1	G
2013	2	VC	181.0	1	-1	I
2013	2	VI	54.0	1	-1	G
2013	2	VS	127.0	0	-1	I
2013	3	VC	161.0	-1	-1	G
2013	3	VI	32.0	-1	-1	G
2013	3	VS	129.0	1	-1	H
2013	4	VC	132.0	-1	-1	I
2013	4	VI	34.0	1	-1	I
2013	4	VS	98.0	-1	-1	G
2013	5	VC	127.0	-1	-1	I
2013	5	VI	30.0	-1	-1	G
2013	5	VS	97.0	-1	-1	I
2013	6	VC	113.0	-1	-1	I
2013	6	VI	34.0	1	-1	I
2013	6	VS	79.0	-1	-1	I
2013	7	VC	136.0	1	-1	I
2013	7	VI	37.0	1	-1	G
2013	7	VS	99.0	1	-1	I
2013	8	VC	137.0	1	-1	G
2013	8	VI	28.0	-1	-1	G
2013	8	VS	109.0	1	-1	G
2013	9	VC	130.0	-1	-1	G
2013	9	VI	27.0	-1	-1	I
2013	9	VS	103.0	-1	-1	G
2013	10	VC	97.0	-1	-1	I
2013	10	VI	22.0	-1	-1	I
2013	10	VS	75.0	-1	-1	I
2013	11	VC	132.0	1	-1	I
2013	11	VI	30.0	1	-1	I
2013	11	VS	102.0	1	-1	I
2013	12	VC	116.0	-1	-1	G
2013	12	VI	31.0	1	-1	G
2013	12	VS	85.0	-1	-1	G
2014	1	VC	127.0	1	-1	I
2014	1	VI	26.0	-1	-1	G
2014	1	VS	101.0	1	-1	I
2014	2	VC	145.0	1	-1	G
2014	2	VI	32.0	1	-1	I
2014	2	VS	113.0	1	-1	G
2014	3	VC	169.0	1	-1	G
2014	3	VI	32.0	0	-1	G
2014	3	VS	137.0	1	1	G
2014	4	VC	117.0	-1	-1	G
2014	4	VI	22.0	-1	-1	H
2014	4	VS	95.0	-1	-1	A
2014	5	VC	152.0	1	-1	I
2014	5	VI	33.0	1	-1	I
2014	5	VS	119.0	1	-1	I
2014	6	VC	120.0	-1	-1	G
2014	6	VI	19.0	-1	-1	G
2014	6	VS	101.0	-1	-1	G
2014	7	VC	155.0	1	-1	I
2014	7	VI	21.0	1	-1	I
2014	7	VS	134.0	1	1	I
2014	8	VC	143.0	-1	-1	G
2014	8	VI	16.0	-1	-1	G
2014	8	VS	127.0	-1	-1	A
2014	9	VC	125.0	-1	-1	I
2014	9	VI	22.0	1	-1	I
2014	9	VS	103.0	-1	-1	I
2014	10	VC	128.0	1	-1	I
2014	10	VI	19.0	-1	-1	G
2014	10	VS	109.0	1	-1	I
2014	11	VC	153.0	1	-1	G
2014	11	VI	31.0	1	-1	I
2014	11	VS	122.0	1	-1	G
2014	12	VC	98.0	-1	-1	G
2014	12	VI	12.0	-1	-1	G
2014	12	VS	86.0	-1	-1	G
2015	1	VC	133.0	1	-1	I
2015	1	VI	12.0	0	-1	I
2015	1	VS	121.0	1	-1	I
2015	2	VC	94.0	-1	-1	G
2015	2	VI	10.0	-1	-1	H
2015	2	VS	84.0	-1	-1	G
2015	3	VC	96.0	1	-1	I
2015	3	VI	18.0	1	-1	I
2015	3	VS	78.0	-1	-1	I
2015	4	VC	78.0	-1	-1	G
2015	4	VI	9.0	-1	-1	G
2015	4	VS	69.0	-1	-1	I
2015	5	VC	97.0	1	-1	I
2015	5	VI	23.0	1	-1	I
2015	5	VS	74.0	1	-1	I
2015	6	VC	79.0	-1	-1	G
2015	6	VI	20.0	-1	-1	G
2015	6	VS	59.0	-1	-1	G
2015	7	VC	203.0	1	1	I
2015	7	VI	12.0	-1	-1	I
2015	7	VS	191.0	1	1	I
2015	8	VC	67.0	-1	-1	A
2015	8	VI	15.0	1	-1	I
2015	8	VS	52.0	-1	-1	A
2015	9	VC	60.0	-1	-1	I
2015	9	VI	4.0	-1	-1	G
2015	9	VS	56.0	1	-1	I
2015	10	VC	59.0	-1	-1	I
2015	10	VI	9.0	1	-1	I
2015	10	VS	50.0	-1	-1	G
2015	11	VC	43.0	-1	-1	I
2015	11	VI	8.0	-1	-1	G
2015	11	VS	35.0	-1	-1	I
2015	12	VC	36.0	-1	-1	I
2015	12	VI	5.0	-1	-1	I
2015	12	VS	31.0	-1	-1	I
2016	1	VC	113.0	1	-1	I
2016	1	VI	8.0	1	-1	I
2016	1	VS	105.0	1	1	I
2016	2	VC	68.0	-1	-1	G
2016	2	VI	6.0	-1	-1	G
2016	2	VS	62.0	-1	-1	A
2016	3	VC	78.0	1	-1	I
2016	3	VI	11.0	1	-1	I
2016	3	VS	67.0	1	-1	I
2016	4	VC	72.0	-1	-1	G
2016	4	VI	10.0	-1	-1	G
2016	4	VS	62.0	-1	-1	G
2016	5	VC	57.0	-1	-1	I
2016	5	VI	2.0	-1	-1	I
2016	5	VS	55.0	-1	-1	I
2016	6	VC	63.0	1	-1	I
2016	6	VI	0.0	-1	-1	I
2016	6	VS	63.0	1	-1	I
2016	7	VC	57.0	-1	-1	G
2016	7	VI	4.0	1	-1	I
2016	7	VS	53.0	-1	-1	G
2016	8	VC	84.0	1	-1	I
2016	8	VI	9.0	1	-1	G
2016	8	VS	75.0	1	-1	I
2016	9	VC	52.0	-1	-1	G
2016	9	VI	4.0	-1	-1	G
2016	9	VS	48.0	-1	-1	G
2016	10	VC	56.0	1	-1	I
2016	10	VI	1.0	-1	-1	I
2016	10	VS	55.0	1	-1	I
2016	11	VC	76.0	1	-1	G
2016	11	VI	4.0	1	-1	I
2016	11	VS	72.0	1	-1	G
2016	12	VC	58.0	-1	-1	G
2016	12	VI	3.0	-1	-1	G
2016	12	VS	55.0	-1	-1	G
2017	1	VC	125.0	1	1	I
2017	1	VI	3.0	0	-1	I
2017	1	VS	122.0	1	1	I
2017	2	VC	116.0	-1	1	A
2017	2	VI	8.0	1	-1	H
2017	2	VS	108.0	-1	1	A
2017	3	VC	87.0	-1	-1	C
2017	3	VI	5.0	-1	-1	G
2017	3	VS	82.0	-1	-1	C
2017	4	VC	94.0	1	1	I
2017	4	VI	5.0	0	-1	I
2017	4	VS	89.0	1	1	I
2017	5	VC	67.0	-1	-1	A
2017	5	VI	2.0	-1	-1	H
2017	5	VS	65.0	-1	-1	A
2017	6	VC	95.0	1	1	I
2017	6	VI	8.0	1	-1	I
2017	6	VS	87.0	1	1	I
2017	7	VC	91.0	-1	1	A
2017	7	VI	12.0	1	1	G
2017	7	VS	79.0	-1	-1	A
2017	8	VC	81.0	-1	-1	C
2017	8	VI	3.0	-1	-1	A
2017	8	VS	78.0	-1	1	I
2017	9	VC	79.0	-1	-1	I
2017	9	VI	12.0	1	1	I
2017	9	VS	67.0	-1	-1	C
2017	10	VC	99.0	1	1	I
2017	10	VI	17.0	1	1	A
2017	10	VS	82.0	1	1	I
2017	11	VC	110.0	1	1	A
2017	11	VI	10.0	-1	1	A
2017	11	VS	100.0	1	1	A
2017	12	VC	68.0	-1	-1	A
2017	12	VI	7.0	-1	-1	C
2017	12	VS	61.0	-1	-1	A
2018	1	VC	141.0	1	1	I
2018	1	VI	6.0	-1	-1	I
2018	1	VS	135.0	1	1	I
2018	2	VC	95.0	-1	1	A
2018	2	VI	11.0	1	1	I
2018	2	VS	84.0	-1	1	A
2018	3	VC	107.0	1	1	C
2018	3	VI	13.0	1	1	A
2018	3	VS	94.0	1	1	C
2018	4	VC	69.0	-1	-1	A
2018	4	VI	7.0	-1	-1	A
2018	4	VS	62.0	-1	-1	A
2018	5	VC	89.0	1	1	I
2018	5	VI	7.0	0	-1	I
2018	5	VS	82.0	1	1	I
2018	6	VC	86.0	-1	1	A
2018	6	VI	9.0	1	1	H
2018	6	VS	77.0	-1	1	A
2018	7	VC	143.0	1	1	C
2018	7	VI	18.0	1	1	A
2018	7	VS	125.0	1	1	C
2018	8	VC	120.0	-1	1	A
2018	8	VI	15.0	-1	1	A
2018	8	VS	105.0	-1	1	A
2018	9	VC	60.0	-1	-1	C
2018	9	VI	1.0	-1	-1	C
2018	9	VS	59.0	-1	-1	C
2018	10	VC	91.0	1	1	I
2018	10	VI	9.0	1	1	I
2018	10	VS	82.0	1	1	I
2018	11	VC	80.0	-1	-1	A
2018	11	VI	19.0	1	1	A
2018	11	VS	61.0	-1	-1	A
2018	12	VC	72.0	-1	-1	I
2018	12	VI	16.0	-1	1	A
2018	12	VS	56.0	-1	-1	I
2019	1	VC	123.0	1	1	I
2019	1	VI	27.0	1	1	C
2019	1	VS	96.0	1	1	I
2019	2	VC	127.0	1	1	A
2019	2	VI	24.0	-1	1	A
2019	2	VS	103.0	1	1	A
2019	3	VC	104.0	-1	1	A
2019	3	VI	20.0	-1	1	C
2019	3	VS	84.0	-1	1	A
2019	4	VC	56.0	-1	-1	C
2019	4	VI	3.0	-1	-1	C
2019	4	VS	53.0	-1	-1	C
2019	5	VC	79.0	1	-1	I
2019	5	VI	1.0	-1	-1	I
2019	5	VS	78.0	1	-1	I
2019	6	VC	98.0	1	1	G
2019	6	VI	16.0	1	1	I
2019	6	VS	82.0	1	1	G
2019	7	VC	64.0	-1	-1	A
2019	7	VI	9.0	-1	-1	A
2019	7	VS	55.0	-1	-1	A
2019	8	VC	78.0	1	-1	I
2019	8	VI	3.0	-1	-1	I
2019	8	VS	75.0	1	-1	I
2019	9	VC	86.0	1	-1	G
2019	9	VI	7.0	1	-1	I
2019	9	VS	79.0	1	-1	G
2019	10	VC	78.0	-1	-1	G
2019	10	VI	5.0	-1	-1	G
2019	10	VS	73.0	-1	-1	G
2019	11	VC	48.0	-1	-1	I
2019	11	VI	3.0	-1	-1	I
2019	11	VS	45.0	-1	-1	I
2019	12	VC	47.0	-1	-1	I
2019	12	VI	5.0	1	-1	I
2019	12	VS	42.0	-1	-1	I
2020	1	VC	117.0	1	1	I
2020	1	VI	16.0	1	1	G
2020	1	VS	101.0	1	1	I
2020	2	VC	68.0	-1	-1	A
2020	2	VI	16.0	0	1	A
2020	2	VS	52.0	-1	-1	A
2020	3	VC	90.0	1	1	I
2020	3	VI	12.0	-1	1	B
2020	3	VS	78.0	1	-1	I
2020	4	VC	57.0	-1	-1	A
2020	4	VI	7.0	-1	-1	C
2020	4	VS	50.0	-1	-1	G
2020	5	VC	63.0	1	-1	I
2020	5	VI	10.0	1	-1	I
2020	5	VS	53.0	1	-1	I
2020	6	VC	51.0	-1	-1	G
2020	6	VI	1.0	-1	-1	G
2020	6	VS	50.0	-1	-1	G
2020	7	VC	98.0	1	1	I
2020	7	VI	16.0	1	1	I
2020	7	VS	82.0	1	1	I
2020	8	VC	120.0	1	1	A
2020	8	VI	12.0	-1	1	A
2020	8	VS	108.0	1	1	A
2020	9	VC	103.0	-1	1	A
2020	9	VI	9.0	-1	-1	C
2020	9	VS	94.0	-1	1	A
2020	10	VC	94.0	-1	1	C
2020	10	VI	8.0	-1	-1	I
2020	10	VS	86.0	-1	1	C
2020	11	VC	110.0	1	1	C
2020	11	VI	8.0	0	-1	I
2020	11	VS	102.0	1	1	C
2020	12	VC	81.0	-1	-1	A
2020	12	VI	5.0	-1	-1	H
2020	12	VS	76.0	-1	-1	A
2021	1	VC	69.0	-1	-1	I
2021	1	VI	4.0	-1	-1	I
2021	1	VS	65.0	-1	-1	I
2021	2	VC	86.0	1	-1	I
2021	2	VI	13.0	1	1	I
2021	2	VS	73.0	1	-1	I
2021	3	VC	72.0	-1	-1	G
2021	3	VI	18.0	1	1	A
2021	3	VS	54.0	-1	-1	G
2021	4	VC	66.0	-1	-1	I
2021	4	VI	10.0	-1	-1	A
2021	4	VS	56.0	1	-1	I
2021	5	VC	48.0	-1	-1	I
2021	5	VI	1.0	-1	-1	I
2021	5	VS	47.0	-1	-1	G
2021	6	VC	36.0	-1	-1	I
2021	6	VI	8.0	1	-1	I
2021	6	VS	28.0	-1	-1	I
2021	7	VC	59.0	1	-1	I
2021	7	VI	3.0	-1	-1	G
2021	7	VS	56.0	1	-1	I
2021	8	VC	47.0	-1	-1	G
2021	8	VI	5.0	1	-1	I
2021	8	VS	42.0	-1	-1	G
2021	9	VC	52.0	1	-1	I
2021	9	VI	14.0	1	1	G
2021	9	VS	38.0	-1	-1	I
2021	10	VC	67.0	1	-1	G
2021	10	VI	16.0	1	1	A
2021	10	VS	51.0	1	-1	I
2021	11	VC	62.0	-1	-1	G
2021	11	VI	12.0	-1	1	A
2021	11	VS	50.0	-1	-1	G
2021	12	VC	39.0	-1	-1	I
2021	12	VI	0.0	-1	-1	C
2021	12	VS	39.0	-1	-1	I
2022	1	VC	102.0	1	1	I
2022	1	VI	3.0	1	-1	I
2022	1	VS	99.0	1	1	I
2022	2	VC	88.0	-1	1	A
2022	2	VI	21.0	1	1	G
2022	2	VS	67.0	-1	1	A
2022	3	VC	46.0	-1	-1	C
2022	3	VI	7.0	-1	-1	A
2022	3	VS	39.0	-1	-1	C
2022	4	VC	111.0	1	1	I
2022	4	VI	19.0	1	1	I
2022	4	VS	92.0	1	1	I
2022	5	VC	93.0	-1	1	A
2022	5	VI	0.0	-1	-1	A
2022	5	VS	93.0	1	1	A
2022	6	VC	84.0	-1	1	C
2022	6	VI	3.0	1	-1	I
2022	6	VS	81.0	-1	1	A
2022	7	VC	122.0	1	1	C
2022	7	VI	2.0	-1	-1	G
2022	7	VS	120.0	1	1	C
2022	8	VC	127.0	1	1	A
2022	8	VI	1.0	-1	-1	I
2022	8	VS	126.0	1	1	A
2022	9	VC	78.0	-1	1	A
2022	9	VI	0.0	-1	-1	I
2022	9	VS	78.0	-1	1	A
2022	10	VC	79.0	1	1	C
2022	10	VI	2.0	1	-1	I
2022	10	VS	77.0	-1	1	C
2022	11	VC	82.0	1	1	A
2022	11	VI	2.0	0	-1	G
2022	11	VS	80.0	1	1	C
2022	12	VC	53.0	-1	-1	A
2022	12	VI	5.0	1	-1	H
2022	12	VS	48.0	-1	-1	A
