AÃ±o	Mes	violence type	VictimsCount
1958	1	VI	0
1958	1	VS	179
1958	2	VI	0
1958	2	VS	115
1958	3	VI	0
1958	3	VS	84
1958	4	VI	0
1958	4	VS	110
1958	5	VI	27
1958	5	VS	115
1958	6	VI	0
1958	6	VS	170
1958	7	VI	0
1958	7	VS	187
1958	8	VI	0
1958	8	VS	89
1958	9	VI	0
1958	9	VS	35
1958	10	VI	0
1958	10	VS	35
1958	11	VI	0
1958	11	VS	44
1958	12	VI	0
1958	12	VS	20
1959	1	VI	0
1959	1	VS	27
1959	2	VI	0
1959	2	VS	34
1959	3	VI	0
1959	3	VS	83
1959	4	VI	0
1959	4	VS	63
1959	5	VI	0
1959	5	VS	108
1959	6	VI	0
1959	6	VS	114
1959	7	VI	0
1959	7	VS	68
1959	8	VI	0
1959	8	VS	60
1959	9	VI	0
1959	9	VS	47
1959	10	VI	0
1959	10	VS	52
1959	11	VI	0
1959	11	VS	66
1959	12	VI	0
1959	12	VS	57
1960	1	VI	0
1960	1	VS	107
1960	2	VI	0
1960	2	VS	19
1960	3	VI	0
1960	3	VS	19
1960	4	VI	0
1960	4	VS	62
1960	5	VI	0
1960	5	VS	61
1960	6	VI	0
1960	6	VS	42
1960	7	VI	0
1960	7	VS	118
1960	8	VI	0
1960	8	VS	133
1960	9	VI	0
1960	9	VS	72
1960	10	VI	0
1960	10	VS	43
1960	11	VI	0
1960	11	VS	25
1960	12	VI	0
1960	12	VS	21
1961	1	VI	0
1961	1	VS	93
1961	2	VI	0
1961	2	VS	43
1961	3	VI	0
1961	3	VS	53
1961	4	VI	0
1961	4	VS	131
1961	5	VI	0
1961	5	VS	52
1961	6	VI	0
1961	6	VS	36
1961	7	VI	0
1961	7	VS	61
1961	8	VI	0
1961	8	VS	60
1961	9	VI	0
1961	9	VS	36
1961	10	VI	0
1961	10	VS	54
1961	11	VI	0
1961	11	VS	41
1961	12	VI	0
1961	12	VS	64
1962	1	VI	0
1962	1	VS	106
1962	2	VI	0
1962	2	VS	142
1962	3	VI	0
1962	3	VS	81
1962	4	VI	0
1962	4	VS	24
1962	5	VI	0
1962	5	VS	39
1962	6	VI	0
1962	6	VS	49
1962	7	VI	0
1962	7	VS	105
1962	8	VI	0
1962	8	VS	128
1962	9	VI	1
1962	9	VS	44
1962	10	VI	3
1962	10	VS	79
1962	11	VI	0
1962	11	VS	98
1962	12	VI	0
1962	12	VS	38
1963	1	VI	0
1963	1	VS	108
1963	2	VI	0
1963	2	VS	133
1963	3	VI	3
1963	3	VS	117
1963	4	VI	3
1963	4	VS	35
1963	5	VI	0
1963	5	VS	53
1963	6	VI	8
1963	6	VS	74
1963	7	VI	0
1963	7	VS	93
1963	8	VI	1
1963	8	VS	94
1963	9	VI	0
1963	9	VS	65
1963	10	VI	0
1963	10	VS	19
1963	11	VI	0
1963	11	VS	21
1963	12	VI	0
1963	12	VS	36
1964	1	VI	0
1964	1	VS	37
1964	2	VI	0
1964	2	VS	21
1964	3	VI	0
1964	3	VS	19
1964	4	VI	0
1964	4	VS	12
1964	5	VI	0
1964	5	VS	21
1964	6	VI	5
1964	6	VS	11
1964	7	VI	0
1964	7	VS	18
1964	8	VI	0
1964	8	VS	6
1964	9	VI	0
1964	9	VS	3
1964	10	VI	0
1964	10	VS	3
1964	11	VI	0
1964	11	VS	7
1964	12	VI	0
1964	12	VS	16
1965	1	VI	0
1965	1	VS	41
1965	2	VI	0
1965	2	VS	20
1965	3	VI	0
1965	3	VS	48
1965	4	VI	0
1965	4	VS	31
1965	5	VI	0
1965	5	VS	24
1965	6	VI	0
1965	6	VS	11
1965	7	VI	1
1965	7	VS	38
1965	8	VI	0
1965	8	VS	4
1965	9	VI	0
1965	9	VS	8
1965	10	VI	0
1965	10	VS	8
1965	11	VI	0
1965	11	VS	30
1965	12	VI	0
1965	12	VS	2
1966	1	VI	0
1966	1	VS	23
1966	2	VI	0
1966	2	VS	3
1966	3	VI	0
1966	3	VS	0
1966	4	VI	0
1966	4	VS	4
1966	5	VI	0
1966	5	VS	6
1966	6	VI	0
1966	6	VS	1
1966	7	VI	0
1966	7	VS	6
1966	8	VI	0
1966	8	VS	2
1966	9	VI	0
1966	9	VS	1
1966	10	VI	0
1966	10	VS	2
1966	11	VI	0
1966	11	VS	1
1966	12	VI	0
1966	12	VS	0
1967	1	VI	0
1967	1	VS	0
1967	2	VI	0
1967	2	VS	0
1967	3	VI	0
1967	3	VS	5
1967	4	VI	0
1967	4	VS	0
1967	5	VI	0
1967	5	VS	0
1967	6	VI	0
1967	6	VS	0
1967	7	VI	0
1967	7	VS	1
1967	8	VI	0
1967	8	VS	0
1967	9	VI	0
1967	9	VS	0
1967	10	VI	0
1967	10	VS	0
1967	11	VI	0
1967	11	VS	0
1967	12	VI	0
1967	12	VS	1
1968	1	VI	0
1968	1	VS	9
1968	2	VI	0
1968	2	VS	6
1968	3	VI	0
1968	3	VS	15
1968	4	VI	0
1968	4	VS	21
1968	5	VI	0
1968	5	VS	4
1968	6	VI	0
1968	6	VS	4
1968	7	VI	0
1968	7	VS	0
1968	8	VI	0
1968	8	VS	13
1968	9	VI	0
1968	9	VS	7
1968	10	VI	0
1968	10	VS	4
1968	11	VI	0
1968	11	VS	10
1968	12	VI	0
1968	12	VS	3
1969	1	VI	0
1969	1	VS	1
1969	2	VI	0
1969	2	VS	8
1969	3	VI	0
1969	3	VS	14
1969	4	VI	0
1969	4	VS	6
1969	5	VI	0
1969	5	VS	8
1969	6	VI	0
1969	6	VS	3
1969	7	VI	0
1969	7	VS	5
1969	8	VI	0
1969	8	VS	14
1969	9	VI	0
1969	9	VS	2
1969	10	VI	0
1969	10	VS	22
1969	11	VI	0
1969	11	VS	5
1969	12	VI	0
1969	12	VS	4
1970	1	VI	0
1970	1	VS	17
1970	2	VI	2
1970	2	VS	19
1970	3	VI	0
1970	3	VS	28
1970	4	VI	0
1970	4	VS	9
1970	5	VI	0
1970	5	VS	30
1970	6	VI	0
1970	6	VS	7
1970	7	VI	0
1970	7	VS	19
1970	8	VI	0
1970	8	VS	12
1970	9	VI	0
1970	9	VS	15
1970	10	VI	0
1970	10	VS	6
1970	11	VI	0
1970	11	VS	7
1970	12	VI	0
1970	12	VS	3
1971	1	VI	0
1971	1	VS	10
1971	2	VI	0
1971	2	VS	13
1971	3	VI	0
1971	3	VS	2
1971	4	VI	0
1971	4	VS	4
1971	5	VI	0
1971	5	VS	3
1971	6	VI	0
1971	6	VS	2
1971	7	VI	0
1971	7	VS	1
1971	8	VI	0
1971	8	VS	6
1971	9	VI	0
1971	9	VS	3
1971	10	VI	0
1971	10	VS	3
1971	11	VI	0
1971	11	VS	6
1971	12	VI	0
1971	12	VS	3
1972	1	VI	0
1972	1	VS	15
1972	2	VI	0
1972	2	VS	1
1972	3	VI	0
1972	3	VS	12
1972	4	VI	0
1972	4	VS	4
1972	5	VI	0
1972	5	VS	19
1972	6	VI	0
1972	6	VS	9
1972	7	VI	0
1972	7	VS	3
1972	8	VI	0
1972	8	VS	2
1972	9	VI	0
1972	9	VS	7
1972	10	VI	0
1972	10	VS	2
1972	11	VI	0
1972	11	VS	5
1972	12	VI	0
1972	12	VS	0
1973	1	VI	0
1973	1	VS	9
1973	2	VI	0
1973	2	VS	4
1973	3	VI	0
1973	3	VS	1
1973	4	VI	0
1973	4	VS	2
1973	5	VI	0
1973	5	VS	3
1973	6	VI	0
1973	6	VS	10
1973	7	VI	0
1973	7	VS	6
1973	8	VI	0
1973	8	VS	4
1973	9	VI	0
1973	9	VS	1
1973	10	VI	0
1973	10	VS	4
1973	11	VI	0
1973	11	VS	1
1973	12	VI	0
1973	12	VS	2
1974	1	VI	0
1974	1	VS	50
1974	2	VI	0
1974	2	VS	3
1974	3	VI	0
1974	3	VS	2
1974	4	VI	0
1974	4	VS	12
1974	5	VI	0
1974	5	VS	7
1974	6	VI	0
1974	6	VS	11
1974	7	VI	0
1974	7	VS	8
1974	8	VI	0
1974	8	VS	3
1974	9	VI	0
1974	9	VS	6
1974	10	VI	2
1974	10	VS	6
1974	11	VI	0
1974	11	VS	0
1974	12	VI	0
1974	12	VS	1
1975	1	VI	0
1975	1	VS	16
1975	2	VI	0
1975	2	VS	11
1975	3	VI	0
1975	3	VS	8
1975	4	VI	0
1975	4	VS	3
1975	5	VI	0
1975	5	VS	11
1975	6	VI	0
1975	6	VS	12
1975	7	VI	0
1975	7	VS	13
1975	8	VI	0
1975	8	VS	19
1975	9	VI	0
1975	9	VS	17
1975	10	VI	0
1975	10	VS	5
1975	11	VI	0
1975	11	VS	8
1975	12	VI	0
1975	12	VS	4
1976	1	VI	0
1976	1	VS	8
1976	2	VI	0
1976	2	VS	6
1976	3	VI	0
1976	3	VS	14
1976	4	VI	0
1976	4	VS	1
1976	5	VI	0
1976	5	VS	21
1976	6	VI	0
1976	6	VS	4
1976	7	VI	0
1976	7	VS	17
1976	8	VI	0
1976	8	VS	8
1976	9	VI	0
1976	9	VS	9
1976	10	VI	0
1976	10	VS	6
1976	11	VI	0
1976	11	VS	5
1976	12	VI	0
1976	12	VS	4
1977	1	VI	0
1977	1	VS	5
1977	2	VI	0
1977	2	VS	13
1977	3	VI	0
1977	3	VS	14
1977	4	VI	0
1977	4	VS	14
1977	5	VI	0
1977	5	VS	7
1977	6	VI	0
1977	6	VS	15
1977	7	VI	0
1977	7	VS	5
1977	8	VI	0
1977	8	VS	23
1977	9	VI	0
1977	9	VS	9
1977	10	VI	0
1977	10	VS	10
1977	11	VI	0
1977	11	VS	10
1977	12	VI	0
1977	12	VS	19
1978	1	VI	0
1978	1	VS	20
1978	2	VI	0
1978	2	VS	15
1978	3	VI	0
1978	3	VS	11
1978	4	VI	0
1978	4	VS	7
1978	5	VI	0
1978	5	VS	20
1978	6	VI	1
1978	6	VS	9
1978	7	VI	0
1978	7	VS	17
1978	8	VI	1
1978	8	VS	26
1978	9	VI	0
1978	9	VS	32
1978	10	VI	0
1978	10	VS	10
1978	11	VI	0
1978	11	VS	15
1978	12	VI	0
1978	12	VS	7
1979	1	VI	0
1979	1	VS	15
1979	2	VI	0
1979	2	VS	13
1979	3	VI	0
1979	3	VS	41
1979	4	VI	0
1979	4	VS	20
1979	5	VI	0
1979	5	VS	25
1979	6	VI	0
1979	6	VS	42
1979	7	VI	0
1979	7	VS	14
1979	8	VI	0
1979	8	VS	11
1979	9	VI	0
1979	9	VS	33
1979	10	VI	0
1979	10	VS	14
1979	11	VI	0
1979	11	VS	25
1979	12	VI	0
1979	12	VS	25
1980	1	VI	0
1980	1	VS	23
1980	2	VI	0
1980	2	VS	29
1980	3	VI	0
1980	3	VS	4
1980	4	VI	0
1980	4	VS	13
1980	5	VI	0
1980	5	VS	14
1980	6	VI	0
1980	6	VS	15
1980	7	VI	0
1980	7	VS	14
1980	8	VI	0
1980	8	VS	33
1980	9	VI	0
1980	9	VS	4
1980	10	VI	0
1980	10	VS	17
1980	11	VI	0
1980	11	VS	17
1980	12	VI	0
1980	12	VS	25
1981	1	VI	1
1981	1	VS	75
1981	2	VI	0
1981	2	VS	27
1981	3	VI	0
1981	3	VS	34
1981	4	VI	0
1981	4	VS	28
1981	5	VI	0
1981	5	VS	34
1981	6	VI	0
1981	6	VS	15
1981	7	VI	4
1981	7	VS	32
1981	8	VI	0
1981	8	VS	17
1981	9	VI	0
1981	9	VS	14
1981	10	VI	1
1981	10	VS	67
1981	11	VI	0
1981	11	VS	37
1981	12	VI	0
1981	12	VS	46
1982	1	VI	0
1982	1	VS	38
1982	2	VI	0
1982	2	VS	31
1982	3	VI	1
1982	3	VS	33
1982	4	VI	0
1982	4	VS	16
1982	5	VI	0
1982	5	VS	28
1982	6	VI	0
1982	6	VS	50
1982	7	VI	0
1982	7	VS	36
1982	8	VI	0
1982	8	VS	63
1982	9	VI	0
1982	9	VS	41
1982	10	VI	0
1982	10	VS	55
1982	11	VI	1
1982	11	VS	46
1982	12	VI	0
1982	12	VS	30
1983	1	VI	0
1983	1	VS	117
1983	2	VI	0
1983	2	VS	95
1983	3	VI	0
1983	3	VS	80
1983	4	VI	0
1983	4	VS	92
1983	5	VI	0
1983	5	VS	104
1983	6	VI	0
1983	6	VS	93
1983	7	VI	0
1983	7	VS	167
1983	8	VI	0
1983	8	VS	134
1983	9	VI	0
1983	9	VS	69
1983	10	VI	0
1983	10	VS	51
1983	11	VI	0
1983	11	VS	69
1983	12	VI	0
1983	12	VS	42
1984	1	VI	1
1984	1	VS	104
1984	2	VI	0
1984	2	VS	105
1984	3	VI	1
1984	3	VS	95
1984	4	VI	1
1984	4	VS	111
1984	5	VI	0
1984	5	VS	140
1984	6	VI	0
1984	6	VS	75
1984	7	VI	2
1984	7	VS	92
1984	8	VI	0
1984	8	VS	108
1984	9	VI	1
1984	9	VS	72
1984	10	VI	0
1984	10	VS	110
1984	11	VI	0
1984	11	VS	81
1984	12	VI	0
1984	12	VS	110
1985	1	VI	0
1985	1	VS	136
1985	2	VI	0
1985	2	VS	105
1985	3	VI	0
1985	3	VS	162
1985	4	VI	1
1985	4	VS	139
1985	5	VI	4
1985	5	VS	151
1985	6	VI	0
1985	6	VS	168
1985	7	VI	0
1985	7	VS	189
1985	8	VI	0
1985	8	VS	147
1985	9	VI	2
1985	9	VS	117
1985	10	VI	0
1985	10	VS	168
1985	11	VI	0
1985	11	VS	203
1985	12	VI	0
1985	12	VS	361
1986	1	VI	0
1986	1	VS	202
1986	2	VI	0
1986	2	VS	109
1986	3	VI	0
1986	3	VS	312
1986	4	VI	1
1986	4	VS	183
1986	5	VI	0
1986	5	VS	148
1986	6	VI	0
1986	6	VS	211
1986	7	VI	0
1986	7	VS	166
1986	8	VI	0
1986	8	VS	187
1986	9	VI	0
1986	9	VS	185
1986	10	VI	0
1986	10	VS	166
1986	11	VI	0
1986	11	VS	215
1986	12	VI	0
1986	12	VS	215
1987	1	VI	14
1987	1	VS	240
1987	2	VI	0
1987	2	VS	171
1987	3	VI	0
1987	3	VS	198
1987	4	VI	1
1987	4	VS	215
1987	5	VI	0
1987	5	VS	196
1987	6	VI	0
1987	6	VS	171
1987	7	VI	1
1987	7	VS	187
1987	8	VI	0
1987	8	VS	220
1987	9	VI	1
1987	9	VS	191
1987	10	VI	2
1987	10	VS	220
1987	11	VI	0
1987	11	VS	220
1987	12	VI	0
1987	12	VS	251
1988	1	VI	0
1988	1	VS	342
1988	2	VI	0
1988	2	VS	434
1988	3	VI	6
1988	3	VS	331
1988	4	VI	1
1988	4	VS	373
1988	5	VI	0
1988	5	VS	302
1988	6	VI	0
1988	6	VS	337
1988	7	VI	0
1988	7	VS	399
1988	8	VI	0
1988	8	VS	409
1988	9	VI	0
1988	9	VS	321
1988	10	VI	0
1988	10	VS	377
1988	11	VI	0
1988	11	VS	424
1988	12	VI	0
1988	12	VS	462
1989	1	VI	0
1989	1	VS	487
1989	2	VI	0
1989	2	VS	404
1989	3	VI	2
1989	3	VS	288
1989	4	VI	1
1989	4	VS	357
1989	5	VI	0
1989	5	VS	373
1989	6	VI	0
1989	6	VS	345
1989	7	VI	9
1989	7	VS	366
1989	8	VI	1
1989	8	VS	377
1989	9	VI	0
1989	9	VS	294
1989	10	VI	4
1989	10	VS	345
1989	11	VI	107
1989	11	VS	383
1989	12	VI	64
1989	12	VS	413
1990	1	VI	4
1990	1	VS	489
1990	2	VI	0
1990	2	VS	516
1990	3	VI	0
1990	3	VS	472
1990	4	VI	1
1990	4	VS	415
1990	5	VI	0
1990	5	VS	477
1990	6	VI	16
1990	6	VS	472
1990	7	VI	0
1990	7	VS	530
1990	8	VI	3
1990	8	VS	455
1990	9	VI	8
1990	9	VS	392
1990	10	VI	12
1990	10	VS	435
1990	11	VI	1
1990	11	VS	421
1990	12	VI	1
1990	12	VS	501
1991	1	VI	2
1991	1	VS	586
1991	2	VI	1
1991	2	VS	632
1991	3	VI	2
1991	3	VS	603
1991	4	VI	3
1991	4	VS	527
1991	5	VI	2
1991	5	VS	530
1991	6	VI	9
1991	6	VS	518
1991	7	VI	2
1991	7	VS	504
1991	8	VI	2
1991	8	VS	543
1991	9	VI	1
1991	9	VS	600
1991	10	VI	2
1991	10	VS	497
1991	11	VI	4
1991	11	VS	559
1991	12	VI	4
1991	12	VS	573
1992	1	VI	11
1992	1	VS	570
1992	2	VI	2
1992	2	VS	478
1992	3	VI	8
1992	3	VS	474
1992	4	VI	4
1992	4	VS	507
1992	5	VI	2
1992	5	VS	583
1992	6	VI	6
1992	6	VS	529
1992	7	VI	2
1992	7	VS	624
1992	8	VI	4
1992	8	VS	604
1992	9	VI	11
1992	9	VS	611
1992	10	VI	3
1992	10	VS	510
1992	11	VI	5
1992	11	VS	558
1992	12	VI	2
1992	12	VS	607
1993	1	VI	3
1993	1	VS	605
1993	2	VI	32
1993	2	VS	585
1993	3	VI	3
1993	3	VS	562
1993	4	VI	11
1993	4	VS	501
1993	5	VI	5
1993	5	VS	504
1993	6	VI	1
1993	6	VS	528
1993	7	VI	1
1993	7	VS	441
1993	8	VI	13
1993	8	VS	474
1993	9	VI	6
1993	9	VS	473
1993	10	VI	3
1993	10	VS	517
1993	11	VI	4
1993	11	VS	684
1993	12	VI	5
1993	12	VS	646
1994	1	VI	3
1994	1	VS	644
1994	2	VI	3
1994	2	VS	486
1994	3	VI	7
1994	3	VS	512
1994	4	VI	8
1994	4	VS	516
1994	5	VI	2
1994	5	VS	477
1994	6	VI	0
1994	6	VS	562
1994	7	VI	5
1994	7	VS	509
1994	8	VI	6
1994	8	VS	533
1994	9	VI	4
1994	9	VS	530
1994	10	VI	1
1994	10	VS	632
1994	11	VI	8
1994	11	VS	502
1994	12	VI	2
1994	12	VS	546
1995	1	VI	1
1995	1	VS	726
1995	2	VI	2
1995	2	VS	548
1995	3	VI	5
1995	3	VS	663
1995	4	VI	5
1995	4	VS	564
1995	5	VI	7
1995	5	VS	693
1995	6	VI	29
1995	6	VS	594
1995	7	VI	3
1995	7	VS	650
1995	8	VI	2
1995	8	VS	714
1995	9	VI	2
1995	9	VS	710
1995	10	VI	5
1995	10	VS	576
1995	11	VI	2
1995	11	VS	604
1995	12	VI	7
1995	12	VS	661
1996	1	VI	5
1996	1	VS	779
1996	2	VI	2
1996	2	VS	685
1996	3	VI	0
1996	3	VS	766
1996	4	VI	8
1996	4	VS	800
1996	5	VI	4
1996	5	VS	946
1996	6	VI	4
1996	6	VS	898
1996	7	VI	6
1996	7	VS	955
1996	8	VI	6
1996	8	VS	923
1996	9	VI	1
1996	9	VS	862
1996	10	VI	3
1996	10	VS	948
1996	11	VI	2
1996	11	VS	1013
1996	12	VI	9
1996	12	VS	973
1997	1	VI	7
1997	1	VS	1145
1997	2	VI	19
1997	2	VS	1021
1997	3	VI	5
1997	3	VS	1100
1997	4	VI	8
1997	4	VS	978
1997	5	VI	6
1997	5	VS	1226
1997	6	VI	8
1997	6	VS	1162
1997	7	VI	25
1997	7	VS	1111
1997	8	VI	4
1997	8	VS	1224
1997	9	VI	12
1997	9	VS	1244
1997	10	VI	4
1997	10	VS	1045
1997	11	VI	3
1997	11	VS	1125
1997	12	VI	4
1997	12	VS	1073
1998	1	VI	4
1998	1	VS	1084
1998	2	VI	22
1998	2	VS	917
1998	3	VI	2
1998	3	VS	1210
1998	4	VI	2
1998	4	VS	974
1998	5	VI	6
1998	5	VS	1084
1998	6	VI	6
1998	6	VS	932
1998	7	VI	5
1998	7	VS	1022
1998	8	VI	5
1998	8	VS	1301
1998	9	VI	12
1998	9	VS	1074
1998	10	VI	4
1998	10	VS	1226
1998	11	VI	6
1998	11	VS	1248
1998	12	VI	3
1998	12	VS	1014
1999	1	VI	4
1999	1	VS	1377
1999	2	VI	0
1999	2	VS	1021
1999	3	VI	2
1999	3	VS	1109
1999	4	VI	8
1999	4	VS	1018
1999	5	VI	5
1999	5	VS	1423
1999	6	VI	1
1999	6	VS	1335
1999	7	VI	14
1999	7	VS	1307
1999	8	VI	14
1999	8	VS	1345
1999	9	VI	4
1999	9	VS	1268
1999	10	VI	3
1999	10	VS	1240
1999	11	VI	6
1999	11	VS	1362
1999	12	VI	13
1999	12	VS	1422
2000	1	VI	13
2000	1	VS	1711
2000	2	VI	6
2000	2	VS	1562
2000	3	VI	22
2000	3	VS	1719
2000	4	VI	13
2000	4	VS	1557
2000	5	VI	6
2000	5	VS	1576
2000	6	VI	10
2000	6	VS	1662
2000	7	VI	10
2000	7	VS	1612
2000	8	VI	10
2000	8	VS	1856
2000	9	VI	6
2000	9	VS	1788
2000	10	VI	6
2000	10	VS	1574
2000	11	VI	15
2000	11	VS	1930
2000	12	VI	31
2000	12	VS	1686
2001	1	VI	13
2001	1	VS	2089
2001	2	VI	17
2001	2	VS	1625
2001	3	VI	21
2001	3	VS	1851
2001	4	VI	9
2001	4	VS	1673
2001	5	VI	12
2001	5	VS	1681
2001	6	VI	27
2001	6	VS	1555
2001	7	VI	18
2001	7	VS	1582
2001	8	VI	28
2001	8	VS	1804
2001	9	VI	14
2001	9	VS	1659
2001	10	VI	33
2001	10	VS	1872
2001	11	VI	18
2001	11	VS	1853
2001	12	VI	15
2001	12	VS	2016
2002	1	VI	65
2002	1	VS	2009
2002	2	VI	24
2002	2	VS	1780
2002	3	VI	62
2002	3	VS	1993
2002	4	VI	36
2002	4	VS	2024
2002	5	VI	43
2002	5	VS	2206
2002	6	VI	23
2002	6	VS	2060
2002	7	VI	20
2002	7	VS	1944
2002	8	VI	61
2002	8	VS	2100
2002	9	VI	47
2002	9	VS	1841
2002	10	VI	24
2002	10	VS	1764
2002	11	VI	25
2002	11	VS	1811
2002	12	VI	27
2002	12	VS	1519
2003	1	VI	36
2003	1	VS	1824
2003	2	VI	88
2003	2	VS	1626
2003	3	VI	54
2003	3	VS	1828
2003	4	VI	41
2003	4	VS	1510
2003	5	VI	45
2003	5	VS	1645
2003	6	VI	47
2003	6	VS	1417
2003	7	VI	51
2003	7	VS	1393
2003	8	VI	50
2003	8	VS	1432
2003	9	VI	58
2003	9	VS	1221
2003	10	VI	61
2003	10	VS	1226
2003	11	VI	31
2003	11	VS	1287
2003	12	VI	26
2003	12	VS	1210
2004	1	VI	59
2004	1	VS	1252
2004	2	VI	72
2004	2	VS	1098
2004	3	VI	113
2004	3	VS	1258
2004	4	VI	55
2004	4	VS	1190
2004	5	VI	61
2004	5	VS	1292
2004	6	VI	83
2004	6	VS	1196
2004	7	VI	77
2004	7	VS	1024
2004	8	VI	45
2004	8	VS	1137
2004	9	VI	61
2004	9	VS	958
2004	10	VI	76
2004	10	VS	876
2004	11	VI	48
2004	11	VS	947
2004	12	VI	55
2004	12	VS	941
2005	1	VI	69
2005	1	VS	929
2005	2	VI	90
2005	2	VS	758
2005	3	VI	55
2005	3	VS	786
2005	4	VI	65
2005	4	VS	761
2005	5	VI	68
2005	5	VS	857
2005	6	VI	54
2005	6	VS	791
2005	7	VI	58
2005	7	VS	702
2005	8	VI	48
2005	8	VS	650
2005	9	VI	49
2005	9	VS	572
2005	10	VI	48
2005	10	VS	560
2005	11	VI	59
2005	11	VS	630
2005	12	VI	62
2005	12	VS	533
2006	1	VI	53
2006	1	VS	487
2006	2	VI	105
2006	2	VS	470
2006	3	VI	101
2006	3	VS	389
2006	4	VI	97
2006	4	VS	368
2006	5	VI	84
2006	5	VS	354
2006	6	VI	48
2006	6	VS	389
2006	7	VI	94
2006	7	VS	404
2006	8	VI	116
2006	8	VS	412
2006	9	VI	87
2006	9	VS	330
2006	10	VI	76
2006	10	VS	360
2006	11	VI	64
2006	11	VS	382
2006	12	VI	42
2006	12	VS	387
2007	1	VI	74
2007	1	VS	360
2007	2	VI	78
2007	2	VS	280
2007	3	VI	107
2007	3	VS	284
2007	4	VI	71
2007	4	VS	279
2007	5	VI	91
2007	5	VS	271
2007	6	VI	67
2007	6	VS	286
2007	7	VI	58
2007	7	VS	289
2007	8	VI	64
2007	8	VS	246
2007	9	VI	74
2007	9	VS	242
2007	10	VI	81
2007	10	VS	249
2007	11	VI	50
2007	11	VS	225
2007	12	VI	35
2007	12	VS	257
2008	1	VI	44
2008	1	VS	323
2008	2	VI	148
2008	2	VS	234
2008	3	VI	73
2008	3	VS	262
2008	4	VI	51
2008	4	VS	202
2008	5	VI	52
2008	5	VS	185
2008	6	VI	71
2008	6	VS	187
2008	7	VI	76
2008	7	VS	250
2008	8	VI	108
2008	8	VS	212
2008	9	VI	71
2008	9	VS	194
2008	10	VI	84
2008	10	VS	188
2008	11	VI	38
2008	11	VS	219
2008	12	VI	52
2008	12	VS	204
2009	1	VI	72
2009	1	VS	199
2009	2	VI	71
2009	2	VS	212
2009	3	VI	119
2009	3	VS	197
2009	4	VI	104
2009	4	VS	226
2009	5	VI	71
2009	5	VS	191
2009	6	VI	80
2009	6	VS	150
2009	7	VI	56
2009	7	VS	169
2009	8	VI	67
2009	8	VS	175
2009	9	VI	86
2009	9	VS	157
2009	10	VI	54
2009	10	VS	221
2009	11	VI	56
2009	11	VS	171
2009	12	VI	73
2009	12	VS	140
2010	1	VI	54
2010	1	VS	195
2010	2	VI	44
2010	2	VS	121
2010	3	VI	80
2010	3	VS	187
2010	4	VI	152
2010	4	VS	127
2010	5	VI	71
2010	5	VS	154
2010	6	VI	61
2010	6	VS	144
2010	7	VI	42
2010	7	VS	167
2010	8	VI	54
2010	8	VS	135
2010	9	VI	45
2010	9	VS	154
2010	10	VI	109
2010	10	VS	162
2010	11	VI	78
2010	11	VS	157
2010	12	VI	23
2010	12	VS	123
2011	1	VI	49
2011	1	VS	132
2011	2	VI	82
2011	2	VS	125
2011	3	VI	64
2011	3	VS	172
2011	4	VI	71
2011	4	VS	121
2011	5	VI	67
2011	5	VS	194
2011	6	VI	70
2011	6	VS	156
2011	7	VI	62
2011	7	VS	156
2011	8	VI	56
2011	8	VS	182
2011	9	VI	51
2011	9	VS	148
2011	10	VI	45
2011	10	VS	137
2011	11	VI	49
2011	11	VS	156
2011	12	VI	45
2011	12	VS	126
2012	1	VI	38
2012	1	VS	190
2012	2	VI	100
2012	2	VS	150
2012	3	VI	43
2012	3	VS	160
2012	4	VI	38
2012	4	VS	101
2012	5	VI	39
2012	5	VS	144
2012	6	VI	58
2012	6	VS	184
2012	7	VI	44
2012	7	VS	155
2012	8	VI	63
2012	8	VS	179
2012	9	VI	54
2012	9	VS	159
2012	10	VI	42
2012	10	VS	159
2012	11	VI	44
2012	11	VS	144
2012	12	VI	18
2012	12	VS	148
2013	1	VI	36
2013	1	VS	127
2013	2	VI	54
2013	2	VS	127
2013	3	VI	32
2013	3	VS	129
2013	4	VI	34
2013	4	VS	98
2013	5	VI	30
2013	5	VS	97
2013	6	VI	34
2013	6	VS	79
2013	7	VI	37
2013	7	VS	99
2013	8	VI	28
2013	8	VS	109
2013	9	VI	27
2013	9	VS	103
2013	10	VI	22
2013	10	VS	75
2013	11	VI	30
2013	11	VS	102
2013	12	VI	31
2013	12	VS	85
2014	1	VI	26
2014	1	VS	101
2014	2	VI	32
2014	2	VS	113
2014	3	VI	32
2014	3	VS	137
2014	4	VI	22
2014	4	VS	95
2014	5	VI	33
2014	5	VS	119
2014	6	VI	19
2014	6	VS	101
2014	7	VI	21
2014	7	VS	134
2014	8	VI	16
2014	8	VS	127
2014	9	VI	22
2014	9	VS	103
2014	10	VI	19
2014	10	VS	109
2014	11	VI	31
2014	11	VS	122
2014	12	VI	12
2014	12	VS	86
2015	1	VI	12
2015	1	VS	121
2015	2	VI	10
2015	2	VS	84
2015	3	VI	18
2015	3	VS	78
2015	4	VI	9
2015	4	VS	69
2015	5	VI	23
2015	5	VS	74
2015	6	VI	20
2015	6	VS	59
2015	7	VI	12
2015	7	VS	191
2015	8	VI	15
2015	8	VS	52
2015	9	VI	4
2015	9	VS	56
2015	10	VI	9
2015	10	VS	50
2015	11	VI	8
2015	11	VS	35
2015	12	VI	5
2015	12	VS	31
2016	1	VI	8
2016	1	VS	105
2016	2	VI	6
2016	2	VS	62
2016	3	VI	11
2016	3	VS	67
2016	4	VI	10
2016	4	VS	62
2016	5	VI	2
2016	5	VS	55
2016	6	VI	0
2016	6	VS	63
2016	7	VI	4
2016	7	VS	53
2016	8	VI	9
2016	8	VS	75
2016	9	VI	4
2016	9	VS	48
2016	10	VI	1
2016	10	VS	55
2016	11	VI	4
2016	11	VS	72
2016	12	VI	3
2016	12	VS	55
2017	1	VI	3
2017	1	VS	122
2017	2	VI	8
2017	2	VS	108
2017	3	VI	5
2017	3	VS	82
2017	4	VI	5
2017	4	VS	89
2017	5	VI	2
2017	5	VS	65
2017	6	VI	8
2017	6	VS	87
2017	7	VI	12
2017	7	VS	79
2017	8	VI	3
2017	8	VS	78
2017	9	VI	12
2017	9	VS	67
2017	10	VI	17
2017	10	VS	82
2017	11	VI	10
2017	11	VS	100
2017	12	VI	7
2017	12	VS	61
2018	1	VI	6
2018	1	VS	135
2018	2	VI	11
2018	2	VS	84
2018	3	VI	13
2018	3	VS	94
2018	4	VI	7
2018	4	VS	62
2018	5	VI	7
2018	5	VS	82
2018	6	VI	9
2018	6	VS	77
2018	7	VI	18
2018	7	VS	125
2018	8	VI	15
2018	8	VS	105
2018	9	VI	1
2018	9	VS	59
2018	10	VI	9
2018	10	VS	82
2018	11	VI	19
2018	11	VS	61
2018	12	VI	16
2018	12	VS	56
2019	1	VI	27
2019	1	VS	96
2019	2	VI	24
2019	2	VS	103
2019	3	VI	20
2019	3	VS	84
2019	4	VI	3
2019	4	VS	53
2019	5	VI	1
2019	5	VS	78
2019	6	VI	16
2019	6	VS	82
2019	7	VI	9
2019	7	VS	55
2019	8	VI	3
2019	8	VS	75
2019	9	VI	7
2019	9	VS	79
2019	10	VI	5
2019	10	VS	73
2019	11	VI	3
2019	11	VS	45
2019	12	VI	5
2019	12	VS	42
2020	1	VI	16
2020	1	VS	101
2020	2	VI	16
2020	2	VS	52
2020	3	VI	12
2020	3	VS	78
2020	4	VI	7
2020	4	VS	50
2020	5	VI	10
2020	5	VS	53
2020	6	VI	1
2020	6	VS	50
2020	7	VI	16
2020	7	VS	82
2020	8	VI	12
2020	8	VS	108
2020	9	VI	9
2020	9	VS	94
2020	10	VI	8
2020	10	VS	86
2020	11	VI	8
2020	11	VS	102
2020	12	VI	5
2020	12	VS	76
2021	1	VI	4
2021	1	VS	65
2021	2	VI	13
2021	2	VS	73
2021	3	VI	18
2021	3	VS	54
2021	4	VI	10
2021	4	VS	56
2021	5	VI	1
2021	5	VS	47
2021	6	VI	8
2021	6	VS	28
2021	7	VI	3
2021	7	VS	56
2021	8	VI	5
2021	8	VS	42
2021	9	VI	14
2021	9	VS	38
2021	10	VI	16
2021	10	VS	51
2021	11	VI	12
2021	11	VS	50
2021	12	VI	0
2021	12	VS	39
2022	1	VI	3
2022	1	VS	99
2022	2	VI	21
2022	2	VS	67
2022	3	VI	7
2022	3	VS	39
2022	4	VI	19
2022	4	VS	92
2022	5	VI	0
2022	5	VS	93
2022	6	VI	3
2022	6	VS	81
2022	7	VI	2
2022	7	VS	120
2022	8	VI	1
2022	8	VS	126
2022	9	VI	0
2022	9	VS	78
2022	10	VI	2
2022	10	VS	77
2022	11	VI	2
2022	11	VS	80
2022	12	VI	5
2022	12	VS	48
