AÃ±o	Mes	violence type	CaseCount	Escalation	Intensity	Previous State
1958	1	VC	92.0	0	0	Start
1958	1	VI	10.0	0	0	Start
1958	1	VS	82.0	0	0	Start
1958	2	VC	65.0	-1	0	E
1958	2	VI	13.0	1	0	E
1958	2	VS	52.0	-1	0	E
1958	3	VC	56.0	-1	0	F
1958	3	VI	15.0	1	0	D
1958	3	VS	41.0	-1	0	F
1958	4	VC	56.0	0	0	F
1958	4	VI	12.0	-1	0	D
1958	4	VS	44.0	1	0	F
1958	5	VC	59.0	1	0	E
1958	5	VI	17.0	1	0	F
1958	5	VS	42.0	-1	0	D
1958	6	VC	51.0	-1	0	D
1958	6	VI	7.0	-1	0	D
1958	6	VS	44.0	1	0	F
1958	7	VC	76.0	1	0	F
1958	7	VI	14.0	1	0	F
1958	7	VS	62.0	1	0	D
1958	8	VC	49.0	-1	0	D
1958	8	VI	19.0	1	0	D
1958	8	VS	30.0	-1	0	D
1958	9	VC	26.0	-1	0	F
1958	9	VI	9.0	-1	0	D
1958	9	VS	17.0	-1	0	F
1958	10	VC	15.0	-1	0	F
1958	10	VI	0.0	-1	0	F
1958	10	VS	15.0	-1	0	F
1958	11	VC	24.0	1	0	F
1958	11	VI	3.0	1	0	F
1958	11	VS	21.0	1	0	F
1958	12	VC	10.0	-1	0	D
1958	12	VI	0.0	-1	0	D
1958	12	VS	10.0	-1	0	D
1959	1	VC	21.0	1	0	F
1959	1	VI	4.0	1	0	F
1959	1	VS	17.0	1	0	F
1959	2	VC	14.0	-1	0	D
1959	2	VI	0.0	-1	0	D
1959	2	VS	14.0	-1	0	D
1959	3	VC	37.0	1	0	F
1959	3	VI	4.0	1	0	F
1959	3	VS	33.0	1	0	F
1959	4	VC	36.0	-1	0	D
1959	4	VI	10.0	1	0	D
1959	4	VS	26.0	-1	0	D
1959	5	VC	33.0	-1	0	F
1959	5	VI	9.0	-1	0	D
1959	5	VS	24.0	-1	0	F
1959	6	VC	44.0	1	0	F
1959	6	VI	7.0	-1	0	F
1959	6	VS	37.0	1	0	F
1959	7	VC	43.0	-1	0	D
1959	7	VI	16.0	1	0	F
1959	7	VS	27.0	-1	0	D
1959	8	VC	30.0	-1	0	F
1959	8	VI	7.0	-1	0	D
1959	8	VS	23.0	-1	0	F
1959	9	VC	19.0	-1	0	F
1959	9	VI	4.0	-1	0	F
1959	9	VS	15.0	-1	0	F
1959	10	VC	24.0	1	0	F
1959	10	VI	7.0	1	0	F
1959	10	VS	17.0	1	0	F
1959	11	VC	39.0	1	0	D
1959	11	VI	5.0	-1	0	D
1959	11	VS	34.0	1	0	D
1959	12	VC	29.0	-1	0	D
1959	12	VI	9.0	1	0	F
1959	12	VS	20.0	-1	0	D
1960	1	VC	58.0	1	0	F
1960	1	VI	6.0	-1	0	D
1960	1	VS	52.0	1	0	F
1960	2	VC	10.0	-1	0	D
1960	2	VI	1.0	-1	0	F
1960	2	VS	9.0	-1	0	D
1960	3	VC	11.0	1	0	F
1960	3	VI	2.0	1	0	F
1960	3	VS	9.0	0	0	F
1960	4	VC	28.0	1	0	D
1960	4	VI	4.0	1	0	D
1960	4	VS	24.0	1	0	E
1960	5	VC	48.0	1	0	D
1960	5	VI	20.0	1	0	D
1960	5	VS	28.0	1	0	D
1960	6	VC	26.0	-1	0	D
1960	6	VI	3.0	-1	0	D
1960	6	VS	23.0	-1	0	D
1960	7	VC	72.0	1	0	F
1960	7	VI	10.0	1	0	F
1960	7	VS	62.0	1	0	F
1960	8	VC	77.0	1	0	D
1960	8	VI	7.0	-1	0	D
1960	8	VS	70.0	1	0	D
1960	9	VC	35.0	-1	0	D
1960	9	VI	7.0	0	0	F
1960	9	VS	28.0	-1	0	D
1960	10	VC	19.0	-1	0	F
1960	10	VI	2.0	-1	0	E
1960	10	VS	17.0	-1	0	F
1960	11	VC	9.0	-1	0	F
1960	11	VI	0.0	-1	0	F
1960	11	VS	9.0	-1	0	F
1960	12	VC	15.0	1	-1	F
1960	12	VI	3.0	1	-1	F
1960	12	VS	12.0	1	-1	F
1961	1	VC	52.0	1	1	G
1961	1	VI	10.0	1	1	G
1961	1	VS	42.0	1	1	G
1961	2	VC	25.0	-1	-1	A
1961	2	VI	4.0	-1	-1	A
1961	2	VS	21.0	-1	-1	A
1961	3	VC	32.0	1	-1	I
1961	3	VI	12.0	1	1	I
1961	3	VS	20.0	-1	-1	I
1961	4	VC	44.0	1	1	G
1961	4	VI	11.0	-1	1	A
1961	4	VS	33.0	1	1	I
1961	5	VC	30.0	-1	-1	A
1961	5	VI	10.0	-1	1	C
1961	5	VS	20.0	-1	-1	A
1961	6	VC	17.0	-1	-1	I
1961	6	VI	5.0	-1	-1	C
1961	6	VS	12.0	-1	-1	I
1961	7	VC	35.0	1	1	I
1961	7	VI	13.0	1	1	I
1961	7	VS	22.0	1	-1	I
1961	8	VC	33.0	-1	1	A
1961	8	VI	9.0	-1	1	A
1961	8	VS	24.0	1	-1	G
1961	9	VC	26.0	-1	-1	C
1961	9	VI	9.0	0	1	C
1961	9	VS	17.0	-1	-1	G
1961	10	VC	33.0	1	1	I
1961	10	VI	12.0	1	1	B
1961	10	VS	21.0	1	-1	I
1961	11	VC	26.0	-1	-1	A
1961	11	VI	9.0	-1	1	A
1961	11	VS	17.0	-1	-1	G
1961	12	VC	44.0	1	1	I
1961	12	VI	20.0	1	1	C
1961	12	VS	24.0	1	-1	I
1962	1	VC	82.0	1	1	A
1962	1	VI	37.0	1	1	A
1962	1	VS	45.0	1	1	G
1962	2	VC	75.0	-1	1	A
1962	2	VI	23.0	-1	1	A
1962	2	VS	52.0	1	1	A
1962	3	VC	49.0	-1	1	C
1962	3	VI	20.0	-1	1	C
1962	3	VS	29.0	-1	1	A
1962	4	VC	32.0	-1	-1	C
1962	4	VI	19.0	-1	1	C
1962	4	VS	13.0	-1	-1	C
1962	5	VC	23.0	-1	-1	I
1962	5	VI	10.0	-1	1	C
1962	5	VS	13.0	0	-1	I
1962	6	VC	29.0	1	-1	I
1962	6	VI	11.0	1	1	C
1962	6	VS	18.0	1	-1	H
1962	7	VC	67.0	1	1	G
1962	7	VI	22.0	1	1	A
1962	7	VS	45.0	1	1	G
1962	8	VC	48.0	-1	1	A
1962	8	VI	6.0	-1	-1	A
1962	8	VS	42.0	-1	1	A
1962	9	VC	42.0	-1	1	C
1962	9	VI	18.0	1	1	I
1962	9	VS	24.0	-1	-1	C
1962	10	VC	54.0	1	1	C
1962	10	VI	19.0	1	1	A
1962	10	VS	35.0	1	1	I
1962	11	VC	44.0	-1	1	A
1962	11	VI	14.0	-1	1	A
1962	11	VS	30.0	-1	1	A
1962	12	VC	38.0	-1	-1	C
1962	12	VI	20.0	1	1	C
1962	12	VS	18.0	-1	-1	C
1963	1	VC	96.0	1	1	I
1963	1	VI	51.0	1	1	A
1963	1	VS	45.0	1	1	I
1963	2	VC	55.0	-1	1	A
1963	2	VI	26.0	-1	1	A
1963	2	VS	29.0	-1	1	A
1963	3	VC	56.0	1	1	C
1963	3	VI	23.0	-1	1	C
1963	3	VS	33.0	1	1	C
1963	4	VC	55.0	-1	1	A
1963	4	VI	30.0	1	1	C
1963	4	VS	25.0	-1	-1	A
1963	5	VC	36.0	-1	-1	C
1963	5	VI	20.0	-1	1	A
1963	5	VS	16.0	-1	-1	I
1963	6	VC	50.0	1	1	I
1963	6	VI	15.0	-1	1	C
1963	6	VS	35.0	1	1	I
1963	7	VC	47.0	-1	1	A
1963	7	VI	15.0	0	-1	C
1963	7	VS	32.0	-1	1	A
1963	8	VC	26.0	-1	-1	C
1963	8	VI	7.0	-1	-1	H
1963	8	VS	19.0	-1	-1	C
1963	9	VC	35.0	1	-1	I
1963	9	VI	5.0	-1	-1	I
1963	9	VS	30.0	1	1	I
1963	10	VC	27.0	-1	-1	G
1963	10	VI	9.0	1	-1	I
1963	10	VS	18.0	-1	-1	A
1963	11	VC	23.0	-1	-1	I
1963	11	VI	14.0	1	-1	G
1963	11	VS	9.0	-1	-1	I
1963	12	VC	24.0	1	-1	I
1963	12	VI	11.0	-1	-1	G
1963	12	VS	13.0	1	-1	I
1964	1	VC	25.0	1	-1	G
1964	1	VI	10.0	-1	-1	I
1964	1	VS	15.0	1	-1	G
1964	2	VC	23.0	-1	-1	G
1964	2	VI	10.0	0	-1	I
1964	2	VS	13.0	-1	-1	G
1964	3	VC	25.0	1	-1	I
1964	3	VI	11.0	1	-1	H
1964	3	VS	14.0	1	-1	I
1964	4	VC	30.0	1	-1	G
1964	4	VI	16.0	1	-1	G
1964	4	VS	14.0	0	-1	G
1964	5	VC	35.0	1	-1	G
1964	5	VI	21.0	1	1	G
1964	5	VS	14.0	0	-1	H
1964	6	VC	35.0	0	-1	G
1964	6	VI	17.0	-1	1	A
1964	6	VS	18.0	1	-1	H
1964	7	VC	32.0	-1	-1	H
1964	7	VI	12.0	-1	-1	C
1964	7	VS	20.0	1	-1	G
1964	8	VC	15.0	-1	-1	I
1964	8	VI	8.0	-1	-1	I
1964	8	VS	7.0	-1	-1	G
1964	9	VC	13.0	-1	-1	I
1964	9	VI	9.0	1	-1	I
1964	9	VS	4.0	-1	-1	I
1964	10	VC	10.0	-1	-1	I
1964	10	VI	6.0	-1	-1	G
1964	10	VS	4.0	0	-1	I
1964	11	VC	3.0	-1	-1	I
1964	11	VI	1.0	-1	-1	I
1964	11	VS	2.0	-1	-1	H
1964	12	VC	8.0	1	-1	I
1964	12	VI	2.0	1	-1	I
1964	12	VS	6.0	1	-1	I
1965	1	VC	38.0	1	1	G
1965	1	VI	13.0	1	-1	G
1965	1	VS	25.0	1	1	G
1965	2	VC	42.0	1	1	A
1965	2	VI	24.0	1	1	G
1965	2	VS	18.0	-1	-1	A
1965	3	VC	42.0	0	1	A
1965	3	VI	20.0	-1	1	A
1965	3	VS	22.0	1	1	I
1965	4	VC	32.0	-1	-1	B
1965	4	VI	13.0	-1	-1	C
1965	4	VS	19.0	-1	-1	A
1965	5	VC	27.0	-1	-1	I
1965	5	VI	11.0	-1	-1	I
1965	5	VS	16.0	-1	-1	I
1965	6	VC	26.0	-1	-1	I
1965	6	VI	19.0	1	1	I
1965	6	VS	7.0	-1	-1	I
1965	7	VC	43.0	1	1	I
1965	7	VI	26.0	1	1	A
1965	7	VS	17.0	1	-1	I
1965	8	VC	15.0	-1	-1	A
1965	8	VI	10.0	-1	-1	A
1965	8	VS	5.0	-1	-1	G
1965	9	VC	28.0	1	-1	I
1965	9	VI	22.0	1	1	I
1965	9	VS	6.0	1	-1	I
1965	10	VC	30.0	1	-1	G
1965	10	VI	17.0	-1	1	A
1965	10	VS	13.0	1	-1	G
1965	11	VC	22.0	-1	-1	G
1965	11	VI	13.0	-1	-1	C
1965	11	VS	9.0	-1	-1	G
1965	12	VC	19.0	-1	-1	I
1965	12	VI	13.0	0	-1	I
1965	12	VS	6.0	-1	-1	I
1966	1	VC	26.0	1	-1	I
1966	1	VI	12.0	-1	-1	H
1966	1	VS	14.0	1	-1	I
1966	2	VC	11.0	-1	-1	G
1966	2	VI	9.0	-1	-1	I
1966	2	VS	2.0	-1	-1	G
1966	3	VC	10.0	-1	-1	I
1966	3	VI	10.0	1	-1	I
1966	3	VS	0.0	-1	-1	I
1966	4	VC	17.0	1	-1	I
1966	4	VI	9.0	-1	-1	G
1966	4	VS	8.0	1	-1	I
1966	5	VC	11.0	-1	-1	G
1966	5	VI	6.0	-1	-1	I
1966	5	VS	5.0	-1	-1	G
1966	6	VC	14.0	1	-1	I
1966	6	VI	7.0	1	-1	I
1966	6	VS	7.0	1	-1	I
1966	7	VC	12.0	-1	-1	G
1966	7	VI	8.0	1	-1	G
1966	7	VS	4.0	-1	-1	G
1966	8	VC	10.0	-1	-1	I
1966	8	VI	7.0	-1	-1	G
1966	8	VS	3.0	-1	-1	I
1966	9	VC	15.0	1	-1	I
1966	9	VI	11.0	1	-1	I
1966	9	VS	4.0	1	-1	I
1966	10	VC	3.0	-1	-1	G
1966	10	VI	1.0	-1	-1	G
1966	10	VS	2.0	-1	-1	G
1966	11	VC	2.0	-1	-1	I
1966	11	VI	0.0	-1	-1	I
1966	11	VS	2.0	0	-1	I
1966	12	VC	0.0	-1	-1	I
1966	12	VI	0.0	0	-1	I
1966	12	VS	0.0	-1	-1	H
1967	1	VC	0.0	0	-1	I
1967	1	VI	0.0	0	-1	H
1967	1	VS	0.0	0	-1	I
1967	2	VC	1.0	1	-1	H
1967	2	VI	1.0	1	-1	H
1967	2	VS	0.0	0	-1	H
1967	3	VC	6.0	1	-1	G
1967	3	VI	5.0	1	-1	G
1967	3	VS	1.0	1	-1	H
1967	4	VC	0.0	-1	-1	G
1967	4	VI	0.0	-1	-1	G
1967	4	VS	0.0	-1	-1	G
1967	5	VC	0.0	0	-1	I
1967	5	VI	0.0	0	-1	I
1967	5	VS	0.0	0	-1	I
1967	6	VC	2.0	1	-1	H
1967	6	VI	0.0	0	-1	H
1967	6	VS	2.0	1	-1	H
1967	7	VC	2.0	0	-1	G
1967	7	VI	0.0	0	-1	H
1967	7	VS	2.0	0	-1	G
1967	8	VC	0.0	-1	-1	H
1967	8	VI	0.0	0	-1	H
1967	8	VS	0.0	-1	-1	H
1967	9	VC	1.0	1	-1	I
1967	9	VI	1.0	1	-1	H
1967	9	VS	0.0	0	-1	I
1967	10	VC	0.0	-1	-1	G
1967	10	VI	0.0	-1	-1	G
1967	10	VS	0.0	0	-1	H
1967	11	VC	0.0	0	-1	I
1967	11	VI	0.0	0	-1	I
1967	11	VS	0.0	0	-1	H
1967	12	VC	2.0	1	-1	H
1967	12	VI	0.0	0	-1	H
1967	12	VS	2.0	1	-1	H
1968	1	VC	19.0	1	1	G
1968	1	VI	9.0	1	1	H
1968	1	VS	10.0	1	1	G
1968	2	VC	10.0	-1	-1	A
1968	2	VI	5.0	-1	-1	A
1968	2	VS	5.0	-1	-1	A
1968	3	VC	14.0	1	1	I
1968	3	VI	4.0	-1	-1	I
1968	3	VS	10.0	1	1	I
1968	4	VC	11.0	-1	-1	A
1968	4	VI	5.0	1	-1	I
1968	4	VS	6.0	-1	1	A
1968	5	VC	8.0	-1	-1	I
1968	5	VI	2.0	-1	-1	G
1968	5	VS	6.0	0	1	C
1968	6	VC	7.0	-1	-1	I
1968	6	VI	4.0	1	-1	I
1968	6	VS	3.0	-1	-1	B
1968	7	VC	4.0	-1	-1	I
1968	7	VI	2.0	-1	-1	G
1968	7	VS	2.0	-1	-1	I
1968	8	VC	4.0	0	-1	I
1968	8	VI	1.0	-1	-1	I
1968	8	VS	3.0	1	-1	I
1968	9	VC	11.0	1	1	H
1968	9	VI	3.0	1	-1	I
1968	9	VS	8.0	1	1	G
1968	10	VC	12.0	1	1	A
1968	10	VI	7.0	1	1	G
1968	10	VS	5.0	-1	1	A
1968	11	VC	13.0	1	1	A
1968	11	VI	2.0	-1	-1	A
1968	11	VS	11.0	1	1	C
1968	12	VC	6.0	-1	-1	A
1968	12	VI	2.0	0	-1	I
1968	12	VS	4.0	-1	1	A
1969	1	VC	3.0	-1	-1	I
1969	1	VI	1.0	-1	-1	H
1969	1	VS	2.0	-1	-1	C
1969	2	VC	9.0	1	1	I
1969	2	VI	4.0	1	1	I
1969	2	VS	5.0	1	1	I
1969	3	VC	21.0	1	1	A
1969	3	VI	11.0	1	1	A
1969	3	VS	10.0	1	1	A
1969	4	VC	8.0	-1	1	A
1969	4	VI	2.0	-1	-1	A
1969	4	VS	6.0	-1	1	A
1969	5	VC	8.0	0	1	C
1969	5	VI	2.0	0	-1	I
1969	5	VS	6.0	0	1	C
1969	6	VC	8.0	0	1	B
1969	6	VI	3.0	1	1	H
1969	6	VS	5.0	-1	1	B
1969	7	VC	8.0	0	1	B
1969	7	VI	3.0	0	1	A
1969	7	VS	5.0	0	1	C
1969	8	VC	22.0	1	1	B
1969	8	VI	12.0	1	1	B
1969	8	VS	10.0	1	1	B
1969	9	VC	11.0	-1	1	A
1969	9	VI	8.0	-1	1	A
1969	9	VS	3.0	-1	-1	A
1969	10	VC	19.0	1	1	C
1969	10	VI	12.0	1	1	C
1969	10	VS	7.0	1	1	I
1969	11	VC	13.0	-1	1	A
1969	11	VI	6.0	-1	1	A
1969	11	VS	7.0	0	1	A
1969	12	VC	16.0	1	1	C
1969	12	VI	9.0	1	1	C
1969	12	VS	7.0	0	1	B
1970	1	VC	24.0	1	1	A
1970	1	VI	9.0	0	1	A
1970	1	VS	15.0	1	1	B
1970	2	VC	23.0	-1	1	A
1970	2	VI	13.0	1	1	B
1970	2	VS	10.0	-1	1	A
1970	3	VC	17.0	-1	1	C
1970	3	VI	6.0	-1	1	A
1970	3	VS	11.0	1	1	C
1970	4	VC	15.0	-1	1	C
1970	4	VI	9.0	1	1	C
1970	4	VS	6.0	-1	1	A
1970	5	VC	15.0	0	1	C
1970	5	VI	4.0	-1	-1	A
1970	5	VS	11.0	1	1	C
1970	6	VC	18.0	1	1	B
1970	6	VI	10.0	1	1	I
1970	6	VS	8.0	-1	1	A
1970	7	VC	20.0	1	1	A
1970	7	VI	11.0	1	1	A
1970	7	VS	9.0	1	1	C
1970	8	VC	11.0	-1	-1	A
1970	8	VI	6.0	-1	1	A
1970	8	VS	5.0	-1	-1	A
1970	9	VC	10.0	-1	-1	I
1970	9	VI	3.0	-1	-1	C
1970	9	VS	7.0	1	1	I
1970	10	VC	7.0	-1	-1	I
1970	10	VI	1.0	-1	-1	I
1970	10	VS	6.0	-1	-1	A
1970	11	VC	5.0	-1	-1	I
1970	11	VI	1.0	0	-1	I
1970	11	VS	4.0	-1	-1	I
1970	12	VC	8.0	1	-1	I
1970	12	VI	6.0	1	1	H
1970	12	VS	2.0	-1	-1	I
1971	1	VC	16.0	1	1	G
1971	1	VI	10.0	1	1	A
1971	1	VS	6.0	1	-1	I
1971	2	VC	20.0	1	1	A
1971	2	VI	13.0	1	1	A
1971	2	VS	7.0	1	1	G
1971	3	VC	6.0	-1	-1	A
1971	3	VI	4.0	-1	-1	A
1971	3	VS	2.0	-1	-1	A
1971	4	VC	15.0	1	1	I
1971	4	VI	11.0	1	1	I
1971	4	VS	4.0	1	-1	I
1971	5	VC	8.0	-1	-1	A
1971	5	VI	6.0	-1	-1	A
1971	5	VS	2.0	-1	-1	G
1971	6	VC	5.0	-1	-1	I
1971	6	VI	2.0	-1	-1	I
1971	6	VS	3.0	1	-1	I
1971	7	VC	9.0	1	-1	I
1971	7	VI	6.0	1	-1	I
1971	7	VS	3.0	0	-1	G
1971	8	VC	7.0	-1	-1	G
1971	8	VI	2.0	-1	-1	G
1971	8	VS	5.0	1	-1	H
1971	9	VC	7.0	0	-1	I
1971	9	VI	4.0	1	-1	I
1971	9	VS	3.0	-1	-1	G
1971	10	VC	11.0	1	-1	H
1971	10	VI	8.0	1	1	G
1971	10	VS	3.0	0	-1	I
1971	11	VC	9.0	-1	-1	G
1971	11	VI	6.0	-1	-1	A
1971	11	VS	3.0	0	-1	H
1971	12	VC	7.0	-1	-1	I
1971	12	VI	3.0	-1	-1	I
1971	12	VS	4.0	1	-1	H
1972	1	VC	16.0	1	1	I
1972	1	VI	6.0	1	-1	I
1972	1	VS	10.0	1	1	G
1972	2	VC	5.0	-1	-1	A
1972	2	VI	2.0	-1	-1	G
1972	2	VS	3.0	-1	-1	A
1972	3	VC	13.0	1	1	I
1972	3	VI	5.0	1	-1	I
1972	3	VS	8.0	1	1	I
1972	4	VC	10.0	-1	-1	A
1972	4	VI	8.0	1	1	G
1972	4	VS	2.0	-1	-1	A
1972	5	VC	9.0	-1	-1	I
1972	5	VI	0.0	-1	-1	A
1972	5	VS	9.0	1	1	I
1972	6	VC	11.0	1	-1	I
1972	6	VI	6.0	1	-1	I
1972	6	VS	5.0	-1	-1	A
1972	7	VC	5.0	-1	-1	G
1972	7	VI	2.0	-1	-1	G
1972	7	VS	3.0	-1	-1	I
1972	8	VC	8.0	1	-1	I
1972	8	VI	5.0	1	-1	I
1972	8	VS	3.0	0	-1	I
1972	9	VC	9.0	1	-1	G
1972	9	VI	2.0	-1	-1	G
1972	9	VS	7.0	1	1	H
1972	10	VC	6.0	-1	-1	G
1972	10	VI	3.0	1	-1	I
1972	10	VS	3.0	-1	-1	A
1972	11	VC	14.0	1	1	I
1972	11	VI	10.0	1	1	G
1972	11	VS	4.0	1	-1	I
1972	12	VC	4.0	-1	-1	A
1972	12	VI	4.0	-1	-1	A
1972	12	VS	0.0	-1	-1	G
1973	1	VC	17.0	1	1	I
1973	1	VI	7.0	1	1	I
1973	1	VS	10.0	1	1	I
1973	2	VC	9.0	-1	-1	A
1973	2	VI	6.0	-1	1	A
1973	2	VS	3.0	-1	-1	A
1973	3	VC	8.0	-1	-1	I
1973	3	VI	5.0	-1	-1	C
1973	3	VS	3.0	0	-1	I
1973	4	VC	9.0	1	-1	I
1973	4	VI	7.0	1	1	I
1973	4	VS	2.0	-1	-1	H
1973	5	VC	8.0	-1	-1	G
1973	5	VI	4.0	-1	-1	A
1973	5	VS	4.0	1	-1	I
1973	6	VC	8.0	0	-1	I
1973	6	VI	3.0	-1	-1	I
1973	6	VS	5.0	1	1	G
1973	7	VC	7.0	-1	-1	H
1973	7	VI	1.0	-1	-1	I
1973	7	VS	6.0	1	1	A
1973	8	VC	4.0	-1	-1	I
1973	8	VI	1.0	0	-1	I
1973	8	VS	3.0	-1	-1	A
1973	9	VC	15.0	1	1	I
1973	9	VI	13.0	1	1	H
1973	9	VS	2.0	-1	-1	I
1973	10	VC	9.0	-1	-1	A
1973	10	VI	6.0	-1	1	A
1973	10	VS	3.0	1	-1	I
1973	11	VC	4.0	-1	-1	I
1973	11	VI	2.0	-1	-1	C
1973	11	VS	2.0	-1	-1	G
1973	12	VC	10.0	1	1	I
1973	12	VI	7.0	1	1	I
1973	12	VS	3.0	1	-1	I
1974	1	VC	16.0	1	1	A
1974	1	VI	3.0	-1	-1	A
1974	1	VS	13.0	1	1	G
1974	2	VC	9.0	-1	-1	A
1974	2	VI	7.0	1	1	I
1974	2	VS	2.0	-1	-1	A
1974	3	VC	6.0	-1	-1	I
1974	3	VI	3.0	-1	-1	A
1974	3	VS	3.0	1	-1	I
1974	4	VC	12.0	1	1	I
1974	4	VI	3.0	0	-1	I
1974	4	VS	9.0	1	1	G
1974	5	VC	13.0	1	1	A
1974	5	VI	6.0	1	1	H
1974	5	VS	7.0	-1	1	A
1974	6	VC	13.0	0	1	A
1974	6	VI	4.0	-1	-1	A
1974	6	VS	9.0	1	1	C
1974	7	VC	9.0	-1	-1	B
1974	7	VI	1.0	-1	-1	I
1974	7	VS	8.0	-1	1	A
1974	8	VC	8.0	-1	-1	I
1974	8	VI	5.0	1	1	I
1974	8	VS	3.0	-1	-1	C
1974	9	VC	11.0	1	1	I
1974	9	VI	5.0	0	1	A
1974	9	VS	6.0	1	1	I
1974	10	VC	11.0	0	1	A
1974	10	VI	7.0	1	1	B
1974	10	VS	4.0	-1	-1	A
1974	11	VC	1.0	-1	-1	B
1974	11	VI	1.0	-1	-1	A
1974	11	VS	0.0	-1	-1	I
1974	12	VC	2.0	1	-1	I
1974	12	VI	0.0	-1	-1	I
1974	12	VS	2.0	1	-1	I
1975	1	VC	16.0	1	1	G
1975	1	VI	5.0	1	1	I
1975	1	VS	11.0	1	1	G
1975	2	VC	11.0	-1	1	A
1975	2	VI	3.0	-1	-1	A
1975	2	VS	8.0	-1	1	A
1975	3	VC	18.0	1	1	C
1975	3	VI	5.0	1	1	I
1975	3	VS	13.0	1	1	C
1975	4	VC	9.0	-1	-1	A
1975	4	VI	5.0	0	1	A
1975	4	VS	4.0	-1	-1	A
1975	5	VC	14.0	1	1	I
1975	5	VI	7.0	1	1	B
1975	5	VS	7.0	1	1	I
1975	6	VC	18.0	1	1	A
1975	6	VI	8.0	1	1	A
1975	6	VS	10.0	1	1	A
1975	7	VC	8.0	-1	-1	A
1975	7	VI	2.0	-1	-1	A
1975	7	VS	6.0	-1	1	A
1975	8	VC	17.0	1	1	I
1975	8	VI	8.0	1	1	I
1975	8	VS	9.0	1	1	C
1975	9	VC	9.0	-1	-1	A
1975	9	VI	1.0	-1	-1	A
1975	9	VS	8.0	-1	1	A
1975	10	VC	9.0	0	-1	I
1975	10	VI	1.0	0	-1	I
1975	10	VS	8.0	0	1	C
1975	11	VC	10.0	1	-1	H
1975	11	VI	4.0	1	-1	H
1975	11	VS	6.0	-1	1	B
1975	12	VC	10.0	0	-1	G
1975	12	VI	4.0	0	-1	G
1975	12	VS	6.0	0	1	C
1976	1	VC	15.0	1	1	H
1976	1	VI	3.0	-1	-1	H
1976	1	VS	12.0	1	1	B
1976	2	VC	7.0	-1	-1	A
1976	2	VI	2.0	-1	-1	I
1976	2	VS	5.0	-1	-1	A
1976	3	VC	21.0	1	1	I
1976	3	VI	7.0	1	1	I
1976	3	VS	14.0	1	1	I
1976	4	VC	2.0	-1	-1	A
1976	4	VI	0.0	-1	-1	A
1976	4	VS	2.0	-1	-1	A
1976	5	VC	20.0	1	1	I
1976	5	VI	8.0	1	1	I
1976	5	VS	12.0	1	1	I
1976	6	VC	16.0	-1	1	A
1976	6	VI	10.0	1	1	A
1976	6	VS	6.0	-1	-1	A
1976	7	VC	19.0	1	1	C
1976	7	VI	5.0	-1	1	A
1976	7	VS	14.0	1	1	I
1976	8	VC	16.0	-1	1	A
1976	8	VI	10.0	1	1	C
1976	8	VS	6.0	-1	-1	A
1976	9	VC	8.0	-1	-1	C
1976	9	VI	1.0	-1	-1	A
1976	9	VS	7.0	1	1	I
1976	10	VC	10.0	1	-1	I
1976	10	VI	1.0	0	-1	I
1976	10	VS	9.0	1	1	A
1976	11	VC	8.0	-1	-1	G
1976	11	VI	4.0	1	-1	H
1976	11	VS	4.0	-1	-1	A
1976	12	VC	9.0	1	-1	I
1976	12	VI	4.0	0	-1	G
1976	12	VS	5.0	1	-1	I
1977	1	VC	16.0	1	1	G
1977	1	VI	6.0	1	1	H
1977	1	VS	10.0	1	1	G
1977	2	VC	16.0	0	1	A
1977	2	VI	4.0	-1	-1	A
1977	2	VS	12.0	1	1	A
1977	3	VC	13.0	-1	1	B
1977	3	VI	0.0	-1	-1	I
1977	3	VS	13.0	1	1	A
1977	4	VC	20.0	1	1	C
1977	4	VI	9.0	1	1	I
1977	4	VS	11.0	-1	1	A
1977	5	VC	17.0	-1	1	A
1977	5	VI	6.0	-1	1	A
1977	5	VS	11.0	0	1	C
1977	6	VC	24.0	1	1	C
1977	6	VI	10.0	1	1	C
1977	6	VS	14.0	1	1	B
1977	7	VC	10.0	-1	-1	A
1977	7	VI	8.0	-1	1	A
1977	7	VS	2.0	-1	-1	A
1977	8	VC	17.0	1	1	I
1977	8	VI	2.0	-1	-1	C
1977	8	VS	15.0	1	1	I
1977	9	VC	21.0	1	1	A
1977	9	VI	7.0	1	1	I
1977	9	VS	14.0	-1	1	A
1977	10	VC	20.0	-1	1	A
1977	10	VI	10.0	1	1	A
1977	10	VS	10.0	-1	1	C
1977	11	VC	13.0	-1	-1	C
1977	11	VI	4.0	-1	-1	A
1977	11	VS	9.0	-1	1	C
1977	12	VC	21.0	1	1	I
1977	12	VI	5.0	1	1	I
1977	12	VS	16.0	1	1	C
1978	1	VC	31.0	1	1	A
1978	1	VI	6.0	1	1	A
1978	1	VS	25.0	1	1	A
1978	2	VC	23.0	-1	1	A
1978	2	VI	9.0	1	1	A
1978	2	VS	14.0	-1	1	A
1978	3	VC	16.0	-1	1	C
1978	3	VI	3.0	-1	-1	A
1978	3	VS	13.0	-1	1	C
1978	4	VC	15.0	-1	1	C
1978	4	VI	1.0	-1	-1	I
1978	4	VS	14.0	1	1	C
1978	5	VC	24.0	1	1	C
1978	5	VI	2.0	1	-1	I
1978	5	VS	22.0	1	1	A
1978	6	VC	18.0	-1	1	A
1978	6	VI	6.0	1	1	G
1978	6	VS	12.0	-1	1	A
1978	7	VC	13.0	-1	-1	C
1978	7	VI	4.0	-1	-1	A
1978	7	VS	9.0	-1	-1	C
1978	8	VC	14.0	1	-1	I
1978	8	VI	4.0	0	-1	I
1978	8	VS	10.0	1	-1	I
1978	9	VC	17.0	1	1	G
1978	9	VI	1.0	-1	-1	H
1978	9	VS	16.0	1	1	G
1978	10	VC	19.0	1	1	A
1978	10	VI	2.0	1	-1	I
1978	10	VS	17.0	1	1	A
1978	11	VC	20.0	1	1	A
1978	11	VI	3.0	1	-1	G
1978	11	VS	17.0	0	1	A
1978	12	VC	14.0	-1	-1	A
1978	12	VI	2.0	-1	-1	G
1978	12	VS	12.0	-1	1	B
1979	1	VC	42.0	1	1	I
1979	1	VI	12.0	1	1	I
1979	1	VS	30.0	1	1	C
1979	2	VC	27.0	-1	1	A
1979	2	VI	7.0	-1	1	A
1979	2	VS	20.0	-1	1	A
1979	3	VC	25.0	-1	1	C
1979	3	VI	2.0	-1	-1	C
1979	3	VS	23.0	1	1	C
1979	4	VC	30.0	1	1	C
1979	4	VI	6.0	1	1	I
1979	4	VS	24.0	1	1	A
1979	5	VC	32.0	1	1	A
1979	5	VI	10.0	1	1	A
1979	5	VS	22.0	-1	1	A
1979	6	VC	33.0	1	1	A
1979	6	VI	5.0	-1	-1	A
1979	6	VS	28.0	1	1	C
1979	7	VC	39.0	1	1	A
1979	7	VI	7.0	1	1	I
1979	7	VS	32.0	1	1	A
1979	8	VC	25.0	-1	1	A
1979	8	VI	8.0	1	1	A
1979	8	VS	17.0	-1	1	A
1979	9	VC	29.0	1	1	C
1979	9	VI	2.0	-1	-1	A
1979	9	VS	27.0	1	1	C
1979	10	VC	28.0	-1	1	A
1979	10	VI	3.0	1	-1	I
1979	10	VS	25.0	-1	1	A
1979	11	VC	26.0	-1	1	C
1979	11	VI	4.0	1	-1	G
1979	11	VS	22.0	-1	1	C
1979	12	VC	30.0	1	1	C
1979	12	VI	1.0	-1	-1	G
1979	12	VS	29.0	1	1	C
1980	1	VC	44.0	1	1	A
1980	1	VI	6.0	1	1	I
1980	1	VS	38.0	1	1	A
1980	2	VC	19.0	-1	-1	A
1980	2	VI	2.0	-1	-1	A
1980	2	VS	17.0	-1	-1	A
1980	3	VC	12.0	-1	-1	I
1980	3	VI	3.0	1	-1	I
1980	3	VS	9.0	-1	-1	I
1980	4	VC	15.0	1	-1	I
1980	4	VI	0.0	-1	-1	G
1980	4	VS	15.0	1	-1	I
1980	5	VC	27.0	1	1	G
1980	5	VI	5.0	1	1	I
1980	5	VS	22.0	1	1	G
1980	6	VC	17.0	-1	-1	A
1980	6	VI	1.0	-1	-1	A
1980	6	VS	16.0	-1	-1	A
1980	7	VC	16.0	-1	-1	I
1980	7	VI	1.0	0	-1	I
1980	7	VS	15.0	-1	-1	I
1980	8	VC	24.0	1	1	I
1980	8	VI	7.0	1	1	H
1980	8	VS	17.0	1	-1	I
1980	9	VC	19.0	-1	-1	A
1980	9	VI	9.0	1	1	A
1980	9	VS	10.0	-1	-1	G
1980	10	VC	18.0	-1	-1	I
1980	10	VI	1.0	-1	-1	A
1980	10	VS	17.0	1	-1	I
1980	11	VC	25.0	1	1	I
1980	11	VI	1.0	0	-1	I
1980	11	VS	24.0	1	1	G
1980	12	VC	23.0	-1	-1	A
1980	12	VI	2.0	1	-1	H
1980	12	VS	21.0	-1	1	A
1981	1	VC	72.0	1	1	I
1981	1	VI	8.0	1	1	G
1981	1	VS	64.0	1	1	C
1981	2	VC	29.0	-1	1	A
1981	2	VI	4.0	-1	-1	A
1981	2	VS	25.0	-1	1	A
1981	3	VC	52.0	1	1	C
1981	3	VI	11.0	1	1	I
1981	3	VS	41.0	1	1	C
1981	4	VC	60.0	1	1	A
1981	4	VI	14.0	1	1	A
1981	4	VS	46.0	1	1	A
1981	5	VC	58.0	-1	1	A
1981	5	VI	7.0	-1	1	A
1981	5	VS	51.0	1	1	A
1981	6	VC	36.0	-1	1	C
1981	6	VI	6.0	-1	1	C
1981	6	VS	30.0	-1	1	A
1981	7	VC	56.0	1	1	C
1981	7	VI	20.0	1	1	C
1981	7	VS	36.0	1	1	C
1981	8	VC	38.0	-1	1	A
1981	8	VI	6.0	-1	1	A
1981	8	VS	32.0	-1	1	A
1981	9	VC	27.0	-1	-1	C
1981	9	VI	5.0	-1	-1	C
1981	9	VS	22.0	-1	-1	C
1981	10	VC	67.0	1	1	I
1981	10	VI	14.0	1	1	I
1981	10	VS	53.0	1	1	I
1981	11	VC	66.0	-1	1	A
1981	11	VI	12.0	-1	1	A
1981	11	VS	54.0	1	1	A
1981	12	VC	55.0	-1	1	C
1981	12	VI	5.0	-1	-1	C
1981	12	VS	50.0	-1	1	A
1982	1	VC	83.0	1	1	C
1982	1	VI	8.0	1	1	I
1982	1	VS	75.0	1	1	C
1982	2	VC	61.0	-1	1	A
1982	2	VI	3.0	-1	-1	A
1982	2	VS	58.0	-1	1	A
1982	3	VC	80.0	1	1	C
1982	3	VI	15.0	1	1	I
1982	3	VS	65.0	1	1	C
1982	4	VC	32.0	-1	-1	A
1982	4	VI	3.0	-1	-1	A
1982	4	VS	29.0	-1	-1	A
1982	5	VC	52.0	1	1	I
1982	5	VI	6.0	1	1	I
1982	5	VS	46.0	1	1	I
1982	6	VC	58.0	1	1	A
1982	6	VI	10.0	1	1	A
1982	6	VS	48.0	1	1	A
1982	7	VC	46.0	-1	1	A
1982	7	VI	3.0	-1	-1	A
1982	7	VS	43.0	-1	1	A
1982	8	VC	83.0	1	1	C
1982	8	VI	13.0	1	1	I
1982	8	VS	70.0	1	1	C
1982	9	VC	63.0	-1	1	A
1982	9	VI	10.0	-1	1	A
1982	9	VS	53.0	-1	1	A
1982	10	VC	66.0	1	1	C
1982	10	VI	12.0	1	1	C
1982	10	VS	54.0	1	1	C
1982	11	VC	68.0	1	1	A
1982	11	VI	18.0	1	1	A
1982	11	VS	50.0	-1	1	A
1982	12	VC	29.0	-1	-1	A
1982	12	VI	1.0	-1	-1	A
1982	12	VS	28.0	-1	-1	C
1983	1	VC	135.0	1	1	I
1983	1	VI	9.0	1	1	I
1983	1	VS	126.0	1	1	I
1983	2	VC	84.0	-1	1	A
1983	2	VI	8.0	-1	1	A
1983	2	VS	76.0	-1	1	A
1983	3	VC	80.0	-1	1	C
1983	3	VI	3.0	-1	-1	C
1983	3	VS	77.0	1	1	C
1983	4	VC	97.0	1	1	C
1983	4	VI	9.0	1	1	I
1983	4	VS	88.0	1	1	A
1983	5	VC	106.0	1	1	A
1983	5	VI	15.0	1	1	A
1983	5	VS	91.0	1	1	A
1983	6	VC	101.0	-1	1	A
1983	6	VI	15.0	0	1	A
1983	6	VS	86.0	-1	1	A
1983	7	VC	120.0	1	1	C
1983	7	VI	13.0	-1	1	B
1983	7	VS	107.0	1	1	C
1983	8	VC	106.0	-1	1	A
1983	8	VI	6.0	-1	-1	C
1983	8	VS	100.0	-1	1	A
1983	9	VC	78.0	-1	1	C
1983	9	VI	17.0	1	1	I
1983	9	VS	61.0	-1	1	C
1983	10	VC	76.0	-1	1	C
1983	10	VI	8.0	-1	-1	A
1983	10	VS	68.0	1	1	C
1983	11	VC	87.0	1	1	C
1983	11	VI	7.0	-1	-1	I
1983	11	VS	80.0	1	1	A
1983	12	VC	63.0	-1	-1	A
1983	12	VI	3.0	-1	-1	I
1983	12	VS	60.0	-1	1	A
1984	1	VC	129.0	1	1	I
1984	1	VI	13.0	1	1	I
1984	1	VS	116.0	1	1	C
1984	2	VC	117.0	-1	1	A
1984	2	VI	13.0	0	1	A
1984	2	VS	104.0	-1	1	A
1984	3	VC	106.0	-1	1	C
1984	3	VI	14.0	1	1	B
1984	3	VS	92.0	-1	1	C
1984	4	VC	135.0	1	1	C
1984	4	VI	30.0	1	1	A
1984	4	VS	105.0	1	1	C
1984	5	VC	145.0	1	1	A
1984	5	VI	19.0	-1	1	A
1984	5	VS	126.0	1	1	A
1984	6	VC	108.0	-1	1	A
1984	6	VI	16.0	-1	1	C
1984	6	VS	92.0	-1	1	A
1984	7	VC	110.0	1	1	C
1984	7	VI	19.0	1	1	C
1984	7	VS	91.0	-1	1	C
1984	8	VC	138.0	1	1	A
1984	8	VI	19.0	0	1	A
1984	8	VS	119.0	1	1	C
1984	9	VC	85.0	-1	-1	A
1984	9	VI	12.0	-1	1	B
1984	9	VS	73.0	-1	-1	A
1984	10	VC	121.0	1	1	I
1984	10	VI	3.0	-1	-1	C
1984	10	VS	118.0	1	1	I
1984	11	VC	95.0	-1	1	A
1984	11	VI	9.0	1	-1	I
1984	11	VS	86.0	-1	1	A
1984	12	VC	121.0	1	1	C
1984	12	VI	20.0	1	1	G
1984	12	VS	101.0	1	1	C
1985	1	VC	239.0	1	1	A
1985	1	VI	13.0	-1	1	A
1985	1	VS	226.0	1	1	A
1985	2	VC	149.0	-1	1	A
1985	2	VI	12.0	-1	1	C
1985	2	VS	137.0	-1	1	A
1985	3	VC	186.0	1	1	C
1985	3	VI	14.0	1	1	C
1985	3	VS	172.0	1	1	C
1985	4	VC	198.0	1	1	A
1985	4	VI	17.0	1	1	A
1985	4	VS	181.0	1	1	A
1985	5	VC	237.0	1	1	A
1985	5	VI	34.0	1	1	A
1985	5	VS	203.0	1	1	A
1985	6	VC	247.0	1	1	A
1985	6	VI	33.0	-1	1	A
1985	6	VS	214.0	1	1	A
1985	7	VC	249.0	1	1	A
1985	7	VI	35.0	1	1	C
1985	7	VS	214.0	0	1	A
1985	8	VC	214.0	-1	1	A
1985	8	VI	44.0	1	1	A
1985	8	VS	170.0	-1	1	B
1985	9	VC	166.0	-1	1	C
1985	9	VI	16.0	-1	1	A
1985	9	VS	150.0	-1	1	C
1985	10	VC	198.0	1	1	C
1985	10	VI	37.0	1	1	C
1985	10	VS	161.0	1	1	C
1985	11	VC	246.0	1	1	A
1985	11	VI	21.0	-1	1	A
1985	11	VS	225.0	1	1	A
1985	12	VC	262.0	1	1	A
1985	12	VI	17.0	-1	1	C
1985	12	VS	245.0	1	1	A
1986	1	VC	355.0	1	1	A
1986	1	VI	20.0	1	1	C
1986	1	VS	335.0	1	1	A
1986	2	VC	212.0	-1	1	A
1986	2	VI	45.0	1	1	A
1986	2	VS	167.0	-1	1	A
1986	3	VC	266.0	1	1	C
1986	3	VI	51.0	1	1	A
1986	3	VS	215.0	1	1	C
1986	4	VC	255.0	-1	1	A
1986	4	VI	30.0	-1	1	A
1986	4	VS	225.0	1	1	A
1986	5	VC	249.0	-1	1	C
1986	5	VI	63.0	1	1	C
1986	5	VS	186.0	-1	1	A
1986	6	VC	281.0	1	1	C
1986	6	VI	39.0	-1	1	A
1986	6	VS	242.0	1	1	C
1986	7	VC	232.0	-1	1	A
1986	7	VI	55.0	1	1	C
1986	7	VS	177.0	-1	1	A
1986	8	VC	267.0	1	1	C
1986	8	VI	52.0	-1	1	A
1986	8	VS	215.0	1	1	C
1986	9	VC	270.0	1	1	A
1986	9	VI	39.0	-1	1	C
1986	9	VS	231.0	1	1	A
1986	10	VC	249.0	-1	1	A
1986	10	VI	41.0	1	1	C
1986	10	VS	208.0	-1	1	A
1986	11	VC	296.0	1	1	C
1986	11	VI	54.0	1	1	A
1986	11	VS	242.0	1	1	C
1986	12	VC	283.0	-1	1	A
1986	12	VI	50.0	-1	1	A
1986	12	VS	233.0	-1	1	A
1987	1	VC	371.0	1	1	C
1987	1	VI	44.0	-1	1	C
1987	1	VS	327.0	1	1	C
1987	2	VC	238.0	-1	1	A
1987	2	VI	41.0	-1	1	C
1987	2	VS	197.0	-1	1	A
1987	3	VC	275.0	1	1	C
1987	3	VI	40.0	-1	1	C
1987	3	VS	235.0	1	1	C
1987	4	VC	276.0	1	1	A
1987	4	VI	54.0	1	1	C
1987	4	VS	222.0	-1	1	A
1987	5	VC	249.0	-1	1	A
1987	5	VI	41.0	-1	1	A
1987	5	VS	208.0	-1	1	C
1987	6	VC	268.0	1	1	C
1987	6	VI	47.0	1	1	C
1987	6	VS	221.0	1	1	C
1987	7	VC	285.0	1	1	A
1987	7	VI	53.0	1	1	A
1987	7	VS	232.0	1	1	A
1987	8	VC	308.0	1	1	A
1987	8	VI	37.0	-1	1	A
1987	8	VS	271.0	1	1	A
1987	9	VC	268.0	-1	1	A
1987	9	VI	50.0	1	1	C
1987	9	VS	218.0	-1	1	A
1987	10	VC	326.0	1	1	C
1987	10	VI	50.0	0	1	A
1987	10	VS	276.0	1	1	C
1987	11	VC	312.0	-1	1	A
1987	11	VI	52.0	1	1	B
1987	11	VS	260.0	-1	1	A
1987	12	VC	341.0	1	1	C
1987	12	VI	44.0	-1	1	A
1987	12	VS	297.0	1	1	C
1988	1	VC	537.0	1	1	A
1988	1	VI	75.0	1	1	C
1988	1	VS	462.0	1	1	A
1988	2	VC	427.0	-1	1	A
1988	2	VI	41.0	-1	0	A
1988	2	VS	386.0	-1	1	A
1988	3	VC	388.0	-1	1	C
1988	3	VI	50.0	1	1	F
1988	3	VS	338.0	-1	1	C
1988	4	VC	388.0	0	1	C
1988	4	VI	55.0	1	1	A
1988	4	VS	333.0	-1	1	C
1988	5	VC	378.0	-1	1	B
1988	5	VI	39.0	-1	-1	A
1988	5	VS	339.0	1	1	C
1988	6	VC	409.0	1	1	C
1988	6	VI	38.0	-1	-1	I
1988	6	VS	371.0	1	1	A
1988	7	VC	412.0	1	1	A
1988	7	VI	37.0	-1	-1	I
1988	7	VS	375.0	1	1	A
1988	8	VC	434.0	1	1	A
1988	8	VI	42.0	1	-1	I
1988	8	VS	392.0	1	1	A
1988	9	VC	385.0	-1	1	A
1988	9	VI	52.0	1	1	G
1988	9	VS	333.0	-1	1	A
1988	10	VC	489.0	1	1	C
1988	10	VI	72.0	1	1	A
1988	10	VS	417.0	1	1	C
1988	11	VC	500.0	1	1	A
1988	11	VI	79.0	1	1	A
1988	11	VS	421.0	1	1	A
1988	12	VC	534.0	1	1	A
1988	12	VI	53.0	-1	1	A
1988	12	VS	481.0	1	1	A
1989	1	VC	628.0	1	1	A
1989	1	VI	40.0	-1	-1	C
1989	1	VS	588.0	1	1	A
1989	2	VC	452.0	-1	1	A
1989	2	VI	48.0	1	-1	I
1989	2	VS	404.0	-1	1	A
1989	3	VC	373.0	-1	1	C
1989	3	VI	45.0	-1	-1	G
1989	3	VS	328.0	-1	1	C
1989	4	VC	403.0	1	1	C
1989	4	VI	37.0	-1	-1	I
1989	4	VS	366.0	1	1	C
1989	5	VC	449.0	1	1	A
1989	5	VI	32.0	-1	-1	I
1989	5	VS	417.0	1	1	A
1989	6	VC	455.0	1	1	A
1989	6	VI	47.0	1	-1	I
1989	6	VS	408.0	-1	1	A
1989	7	VC	455.0	0	1	A
1989	7	VI	54.0	1	1	G
1989	7	VS	401.0	-1	1	C
1989	8	VC	432.0	-1	1	B
1989	8	VI	52.0	-1	1	A
1989	8	VS	380.0	-1	1	C
1989	9	VC	346.0	-1	-1	C
1989	9	VI	28.0	-1	-1	C
1989	9	VS	318.0	-1	-1	C
1989	10	VC	405.0	1	1	I
1989	10	VI	37.0	1	-1	I
1989	10	VS	368.0	1	1	I
1989	11	VC	466.0	1	1	A
1989	11	VI	46.0	1	-1	G
1989	11	VS	420.0	1	1	A
1989	12	VC	538.0	1	1	A
1989	12	VI	69.0	1	1	G
1989	12	VS	469.0	1	1	A
1990	1	VC	761.0	1	1	A
1990	1	VI	52.0	-1	1	A
1990	1	VS	709.0	1	1	A
1990	2	VC	558.0	-1	1	A
1990	2	VI	68.0	1	1	C
1990	2	VS	490.0	-1	1	A
1990	3	VC	595.0	1	1	C
1990	3	VI	72.0	1	1	A
1990	3	VS	523.0	1	1	C
1990	4	VC	554.0	-1	1	A
1990	4	VI	83.0	1	1	A
1990	4	VS	471.0	-1	1	A
1990	5	VC	578.0	1	1	C
1990	5	VI	88.0	1	1	A
1990	5	VS	490.0	1	1	C
1990	6	VC	546.0	-1	1	A
1990	6	VI	67.0	-1	1	A
1990	6	VS	479.0	-1	1	A
1990	7	VC	614.0	1	1	C
1990	7	VI	101.0	1	1	C
1990	7	VS	513.0	1	1	C
1990	8	VC	537.0	-1	1	A
1990	8	VI	61.0	-1	1	A
1990	8	VS	476.0	-1	1	A
1990	9	VC	507.0	-1	1	C
1990	9	VI	71.0	1	1	C
1990	9	VS	436.0	-1	1	C
1990	10	VC	487.0	-1	1	C
1990	10	VI	52.0	-1	-1	A
1990	10	VS	435.0	-1	1	C
1990	11	VC	529.0	1	1	C
1990	11	VI	66.0	1	1	I
1990	11	VS	463.0	1	1	C
1990	12	VC	507.0	-1	1	A
1990	12	VI	30.0	-1	-1	A
1990	12	VS	477.0	1	1	A
1991	1	VC	834.0	1	1	C
1991	1	VI	85.0	1	1	I
1991	1	VS	749.0	1	1	A
1991	2	VC	650.0	-1	1	A
1991	2	VI	90.0	1	1	A
1991	2	VS	560.0	-1	1	A
1991	3	VC	662.0	1	1	C
1991	3	VI	84.0	-1	1	A
1991	3	VS	578.0	1	1	C
1991	4	VC	547.0	-1	1	A
1991	4	VI	57.0	-1	-1	C
1991	4	VS	490.0	-1	1	A
1991	5	VC	616.0	1	1	C
1991	5	VI	78.0	1	1	I
1991	5	VS	538.0	1	1	C
1991	6	VC	601.0	-1	1	A
1991	6	VI	53.0	-1	-1	A
1991	6	VS	548.0	1	1	A
1991	7	VC	604.0	1	1	C
1991	7	VI	83.0	1	1	I
1991	7	VS	521.0	-1	1	A
1991	8	VC	628.0	1	1	A
1991	8	VI	64.0	-1	1	A
1991	8	VS	564.0	1	1	C
1991	9	VC	601.0	-1	1	A
1991	9	VI	54.0	-1	-1	C
1991	9	VS	547.0	-1	1	A
1991	10	VC	565.0	-1	1	C
1991	10	VI	82.0	1	1	I
1991	10	VS	483.0	-1	1	C
1991	11	VC	630.0	1	1	C
1991	11	VI	62.0	-1	1	A
1991	11	VS	568.0	1	1	C
1991	12	VC	625.0	-1	1	A
1991	12	VI	61.0	-1	-1	C
1991	12	VS	564.0	-1	1	A
1992	1	VC	776.0	1	1	C
1992	1	VI	87.0	1	1	I
1992	1	VS	689.0	1	1	C
1992	2	VC	556.0	-1	1	A
1992	2	VI	64.0	-1	1	A
1992	2	VS	492.0	-1	-1	A
1992	3	VC	584.0	1	1	C
1992	3	VI	70.0	1	1	C
1992	3	VS	514.0	1	1	I
1992	4	VC	617.0	1	1	A
1992	4	VI	87.0	1	1	A
1992	4	VS	530.0	1	1	A
1992	5	VC	697.0	1	1	A
1992	5	VI	107.0	1	1	A
1992	5	VS	590.0	1	1	A
1992	6	VC	668.0	-1	1	A
1992	6	VI	125.0	1	1	A
1992	6	VS	543.0	-1	1	A
1992	7	VC	750.0	1	1	C
1992	7	VI	146.0	1	1	A
1992	7	VS	604.0	1	1	C
1992	8	VC	738.0	-1	1	A
1992	8	VI	143.0	-1	1	A
1992	8	VS	595.0	-1	1	A
1992	9	VC	680.0	-1	1	C
1992	9	VI	98.0	-1	1	C
1992	9	VS	582.0	-1	1	C
1992	10	VC	649.0	-1	1	C
1992	10	VI	125.0	1	1	C
1992	10	VS	524.0	-1	-1	C
1992	11	VC	686.0	1	1	C
1992	11	VI	127.0	1	1	A
1992	11	VS	559.0	1	1	I
1992	12	VC	748.0	1	1	A
1992	12	VI	113.0	-1	1	A
1992	12	VS	635.0	1	1	A
1993	1	VC	828.0	1	1	A
1993	1	VI	97.0	-1	1	C
1993	1	VS	731.0	1	1	A
1993	2	VC	698.0	-1	1	A
1993	2	VI	125.0	1	1	C
1993	2	VS	573.0	-1	1	A
1993	3	VC	695.0	-1	1	C
1993	3	VI	112.0	-1	1	A
1993	3	VS	583.0	1	1	C
1993	4	VC	636.0	-1	1	C
1993	4	VI	104.0	-1	1	C
1993	4	VS	532.0	-1	-1	A
1993	5	VC	643.0	1	1	C
1993	5	VI	91.0	-1	1	C
1993	5	VS	552.0	1	1	I
1993	6	VC	636.0	-1	-1	A
1993	6	VI	74.0	-1	-1	C
1993	6	VS	562.0	1	1	A
1993	7	VC	515.0	-1	-1	I
1993	7	VI	56.0	-1	-1	I
1993	7	VS	459.0	-1	-1	A
1993	8	VC	613.0	1	-1	I
1993	8	VI	104.0	1	1	I
1993	8	VS	509.0	1	-1	I
1993	9	VC	612.0	-1	-1	G
1993	9	VI	85.0	-1	-1	A
1993	9	VS	527.0	1	-1	G
1993	10	VC	623.0	1	-1	I
1993	10	VI	79.0	-1	-1	I
1993	10	VS	544.0	1	-1	G
1993	11	VC	744.0	1	1	G
1993	11	VI	87.0	1	-1	I
1993	11	VS	657.0	1	1	G
1993	12	VC	687.0	-1	1	A
1993	12	VI	61.0	-1	-1	G
1993	12	VS	626.0	-1	1	A
1994	1	VC	834.0	1	1	C
1994	1	VI	64.0	1	-1	I
1994	1	VS	770.0	1	1	C
1994	2	VC	643.0	-1	-1	A
1994	2	VI	106.0	1	1	G
1994	2	VS	537.0	-1	-1	A
1994	3	VC	649.0	1	-1	I
1994	3	VI	122.0	1	1	A
1994	3	VS	527.0	-1	-1	I
1994	4	VC	648.0	-1	-1	G
1994	4	VI	101.0	-1	1	A
1994	4	VS	547.0	1	-1	I
1994	5	VC	644.0	-1	-1	I
1994	5	VI	112.0	1	1	C
1994	5	VS	532.0	-1	-1	G
1994	6	VC	720.0	1	1	I
1994	6	VI	84.0	-1	-1	A
1994	6	VS	636.0	1	1	I
1994	7	VC	698.0	-1	1	A
1994	7	VI	155.0	1	1	I
1994	7	VS	543.0	-1	-1	A
1994	8	VC	743.0	1	1	C
1994	8	VI	134.0	-1	1	A
1994	8	VS	609.0	1	1	I
1994	9	VC	633.0	-1	-1	A
1994	9	VI	67.0	-1	-1	C
1994	9	VS	566.0	-1	-1	A
1994	10	VC	693.0	1	1	I
1994	10	VI	80.0	1	-1	I
1994	10	VS	613.0	1	1	I
1994	11	VC	619.0	-1	-1	A
1994	11	VI	65.0	-1	-1	G
1994	11	VS	554.0	-1	-1	A
1994	12	VC	659.0	1	-1	I
1994	12	VI	72.0	1	-1	I
1994	12	VS	587.0	1	1	I
1995	1	VC	971.0	1	1	G
1995	1	VI	76.0	1	-1	G
1995	1	VS	895.0	1	1	A
1995	2	VC	680.0	-1	-1	A
1995	2	VI	89.0	1	-1	G
1995	2	VS	591.0	-1	1	A
1995	3	VC	805.0	1	1	I
1995	3	VI	80.0	-1	-1	G
1995	3	VS	725.0	1	1	C
1995	4	VC	709.0	-1	1	A
1995	4	VI	89.0	1	-1	I
1995	4	VS	620.0	-1	1	A
1995	5	VC	814.0	1	1	C
1995	5	VI	99.0	1	1	G
1995	5	VS	715.0	1	1	C
1995	6	VC	771.0	-1	1	A
1995	6	VI	60.0	-1	-1	A
1995	6	VS	711.0	-1	1	A
1995	7	VC	793.0	1	1	C
1995	7	VI	105.0	1	1	I
1995	7	VS	688.0	-1	1	C
1995	8	VC	783.0	-1	1	A
1995	8	VI	85.0	-1	-1	A
1995	8	VS	698.0	1	1	C
1995	9	VC	808.0	1	1	C
1995	9	VI	78.0	-1	-1	I
1995	9	VS	730.0	1	1	A
1995	10	VC	732.0	-1	1	A
1995	10	VI	91.0	1	-1	I
1995	10	VS	641.0	-1	1	A
1995	11	VC	712.0	-1	1	C
1995	11	VI	82.0	-1	-1	G
1995	11	VS	630.0	-1	1	C
1995	12	VC	805.0	1	1	C
1995	12	VI	86.0	1	-1	I
1995	12	VS	719.0	1	1	C
1996	1	VC	1116.0	1	1	A
1996	1	VI	99.0	1	1	G
1996	1	VS	1017.0	1	1	A
1996	2	VC	820.0	-1	1	A
1996	2	VI	71.0	-1	-1	A
1996	2	VS	749.0	-1	1	A
1996	3	VC	903.0	1	1	C
1996	3	VI	87.0	1	-1	I
1996	3	VS	816.0	1	1	C
1996	4	VC	921.0	1	1	A
1996	4	VI	98.0	1	1	G
1996	4	VS	823.0	1	1	A
1996	5	VC	1047.0	1	1	A
1996	5	VI	88.0	-1	-1	A
1996	5	VS	959.0	1	1	A
1996	6	VC	1044.0	-1	1	A
1996	6	VI	77.0	-1	-1	I
1996	6	VS	967.0	1	1	A
1996	7	VC	988.0	-1	1	C
1996	7	VI	53.0	-1	-1	I
1996	7	VS	935.0	-1	1	A
1996	8	VC	1053.0	1	1	C
1996	8	VI	137.0	1	1	I
1996	8	VS	916.0	-1	1	C
1996	9	VC	980.0	-1	1	A
1996	9	VI	124.0	-1	1	A
1996	9	VS	856.0	-1	1	C
1996	10	VC	1053.0	1	1	C
1996	10	VI	108.0	-1	1	C
1996	10	VS	945.0	1	1	C
1996	11	VC	1047.0	-1	1	A
1996	11	VI	85.0	-1	-1	C
1996	11	VS	962.0	1	1	A
1996	12	VC	1045.0	-1	1	C
1996	12	VI	79.0	-1	-1	I
1996	12	VS	966.0	1	1	A
1997	1	VC	1430.0	1	1	C
1997	1	VI	77.0	-1	-1	I
1997	1	VS	1353.0	1	1	A
1997	2	VC	1180.0	-1	1	A
1997	2	VI	124.0	1	1	I
1997	2	VS	1056.0	-1	1	A
1997	3	VC	1247.0	1	1	C
1997	3	VI	112.0	-1	1	A
1997	3	VS	1135.0	1	1	C
1997	4	VC	1158.0	-1	1	A
1997	4	VI	102.0	-1	1	C
1997	4	VS	1056.0	-1	1	A
1997	5	VC	1252.0	1	1	C
1997	5	VI	92.0	-1	1	C
1997	5	VS	1160.0	1	1	C
1997	6	VC	1268.0	1	1	A
1997	6	VI	94.0	1	1	C
1997	6	VS	1174.0	1	1	A
1997	7	VC	1243.0	-1	1	A
1997	7	VI	140.0	1	1	A
1997	7	VS	1103.0	-1	1	A
1997	8	VC	1347.0	1	1	C
1997	8	VI	136.0	-1	1	A
1997	8	VS	1211.0	1	1	C
1997	9	VC	1325.0	-1	1	A
1997	9	VI	113.0	-1	1	C
1997	9	VS	1212.0	1	1	A
1997	10	VC	1202.0	-1	1	C
1997	10	VI	145.0	1	1	C
1997	10	VS	1057.0	-1	1	A
1997	11	VC	1206.0	1	1	C
1997	11	VI	84.0	-1	-1	A
1997	11	VS	1122.0	1	1	C
1997	12	VC	1147.0	-1	1	A
1997	12	VI	100.0	1	1	I
1997	12	VS	1047.0	-1	1	A
1998	1	VC	1473.0	1	1	C
1998	1	VI	102.0	1	1	A
1998	1	VS	1371.0	1	1	C
1998	2	VC	1050.0	-1	1	A
1998	2	VI	88.0	-1	-1	A
1998	2	VS	962.0	-1	1	A
1998	3	VC	1292.0	1	1	C
1998	3	VI	97.0	1	1	I
1998	3	VS	1195.0	1	1	C
1998	4	VC	1061.0	-1	1	A
1998	4	VI	75.0	-1	-1	A
1998	4	VS	986.0	-1	1	A
1998	5	VC	1225.0	1	1	C
1998	5	VI	115.0	1	1	I
1998	5	VS	1110.0	1	1	C
1998	6	VC	1076.0	-1	-1	A
1998	6	VI	66.0	-1	-1	A
1998	6	VS	1010.0	-1	1	A
1998	7	VC	1091.0	1	1	I
1998	7	VI	73.0	1	-1	I
1998	7	VS	1018.0	1	1	C
1998	8	VC	1310.0	1	1	A
1998	8	VI	127.0	1	1	G
1998	8	VS	1183.0	1	1	A
1998	9	VC	1173.0	-1	1	A
1998	9	VI	79.0	-1	-1	A
1998	9	VS	1094.0	-1	1	A
1998	10	VC	1213.0	1	1	C
1998	10	VI	90.0	1	-1	I
1998	10	VS	1123.0	1	1	C
1998	11	VC	1255.0	1	1	A
1998	11	VI	98.0	1	1	G
1998	11	VS	1157.0	1	1	A
1998	12	VC	1117.0	-1	-1	A
1998	12	VI	74.0	-1	-1	A
1998	12	VS	1043.0	-1	-1	A
1999	1	VC	1636.0	1	1	I
1999	1	VI	86.0	1	-1	I
1999	1	VS	1550.0	1	1	I
1999	2	VC	1113.0	-1	-1	A
1999	2	VI	81.0	-1	-1	G
1999	2	VS	1032.0	-1	-1	A
1999	3	VC	1253.0	1	1	I
1999	3	VI	93.0	1	-1	I
1999	3	VS	1160.0	1	1	I
1999	4	VC	1123.0	-1	-1	A
1999	4	VI	107.0	1	1	G
1999	4	VS	1016.0	-1	-1	A
1999	5	VC	1359.0	1	1	I
1999	5	VI	106.0	-1	1	A
1999	5	VS	1253.0	1	1	I
1999	6	VC	1398.0	1	1	A
1999	6	VI	109.0	1	1	C
1999	6	VS	1289.0	1	1	A
1999	7	VC	1308.0	-1	1	A
1999	7	VI	123.0	1	1	A
1999	7	VS	1185.0	-1	1	A
1999	8	VC	1379.0	1	1	C
1999	8	VI	117.0	-1	1	A
1999	8	VS	1262.0	1	1	C
1999	9	VC	1360.0	-1	1	A
1999	9	VI	78.0	-1	-1	C
1999	9	VS	1282.0	1	1	A
1999	10	VC	1419.0	1	1	C
1999	10	VI	108.0	1	1	I
1999	10	VS	1311.0	1	1	A
1999	11	VC	1503.0	1	1	A
1999	11	VI	109.0	1	1	A
1999	11	VS	1394.0	1	1	A
1999	12	VC	1543.0	1	1	A
1999	12	VI	142.0	1	1	A
1999	12	VS	1401.0	1	1	A
2000	1	VC	2300.0	1	1	A
2000	1	VI	160.0	1	1	A
2000	1	VS	2140.0	1	1	A
2000	2	VC	1723.0	-1	1	A
2000	2	VI	117.0	-1	1	A
2000	2	VS	1606.0	-1	1	A
2000	3	VC	1926.0	1	1	C
2000	3	VI	153.0	1	1	C
2000	3	VS	1773.0	1	1	C
2000	4	VC	1703.0	-1	1	A
2000	4	VI	119.0	-1	1	A
2000	4	VS	1584.0	-1	1	A
2000	5	VC	1800.0	1	1	C
2000	5	VI	133.0	1	1	C
2000	5	VS	1667.0	1	1	C
2000	6	VC	1828.0	1	1	A
2000	6	VI	130.0	-1	1	A
2000	6	VS	1698.0	1	1	A
2000	7	VC	1700.0	-1	1	A
2000	7	VI	134.0	1	1	C
2000	7	VS	1566.0	-1	1	A
2000	8	VC	1931.0	1	1	C
2000	8	VI	151.0	1	1	A
2000	8	VS	1780.0	1	1	C
2000	9	VC	1869.0	-1	1	A
2000	9	VI	132.0	-1	1	A
2000	9	VS	1737.0	-1	1	A
2000	10	VC	1709.0	-1	1	C
2000	10	VI	126.0	-1	1	C
2000	10	VS	1583.0	-1	1	C
2000	11	VC	2026.0	1	1	C
2000	11	VI	181.0	1	1	C
2000	11	VS	1845.0	1	1	C
2000	12	VC	1935.0	-1	1	A
2000	12	VI	147.0	-1	1	A
2000	12	VS	1788.0	-1	1	A
2001	1	VC	2583.0	1	1	C
2001	1	VI	230.0	1	1	C
2001	1	VS	2353.0	1	1	C
2001	2	VC	1841.0	-1	1	A
2001	2	VI	200.0	-1	1	A
2001	2	VS	1641.0	-1	1	A
2001	3	VC	2095.0	1	1	C
2001	3	VI	219.0	1	1	C
2001	3	VS	1876.0	1	1	C
2001	4	VC	1894.0	-1	1	A
2001	4	VI	216.0	-1	1	A
2001	4	VS	1678.0	-1	1	A
2001	5	VC	1994.0	1	1	C
2001	5	VI	261.0	1	1	C
2001	5	VS	1733.0	1	1	C
2001	6	VC	1890.0	-1	1	A
2001	6	VI	182.0	-1	1	A
2001	6	VS	1708.0	-1	1	A
2001	7	VC	1766.0	-1	1	C
2001	7	VI	208.0	1	1	C
2001	7	VS	1558.0	-1	1	C
2001	8	VC	2064.0	1	1	C
2001	8	VI	210.0	1	1	A
2001	8	VS	1854.0	1	1	C
2001	9	VC	1918.0	-1	1	A
2001	9	VI	203.0	-1	1	A
2001	9	VS	1715.0	-1	1	A
2001	10	VC	2049.0	1	1	C
2001	10	VI	207.0	1	1	C
2001	10	VS	1842.0	1	1	C
2001	11	VC	1993.0	-1	1	A
2001	11	VI	214.0	1	1	A
2001	11	VS	1779.0	-1	1	A
2001	12	VC	2129.0	1	1	C
2001	12	VI	192.0	-1	1	A
2001	12	VS	1937.0	1	1	C
2002	1	VC	2766.0	1	1	A
2002	1	VI	298.0	1	1	C
2002	1	VS	2468.0	1	1	A
2002	2	VC	2243.0	-1	1	A
2002	2	VI	278.0	-1	1	A
2002	2	VS	1965.0	-1	1	A
2002	3	VC	2355.0	1	1	C
2002	3	VI	312.0	1	1	C
2002	3	VS	2043.0	1	1	C
2002	4	VC	2462.0	1	1	A
2002	4	VI	288.0	-1	1	A
2002	4	VS	2174.0	1	1	A
2002	5	VC	2577.0	1	1	A
2002	5	VI	319.0	1	1	C
2002	5	VS	2258.0	1	1	A
2002	6	VC	2464.0	-1	1	A
2002	6	VI	216.0	-1	1	A
2002	6	VS	2248.0	-1	1	A
2002	7	VC	2274.0	-1	1	C
2002	7	VI	241.0	1	1	C
2002	7	VS	2033.0	-1	1	C
2002	8	VC	2488.0	1	1	C
2002	8	VI	348.0	1	1	A
2002	8	VS	2140.0	1	1	C
2002	9	VC	2291.0	-1	1	A
2002	9	VI	302.0	-1	1	A
2002	9	VS	1989.0	-1	1	A
2002	10	VC	2245.0	-1	1	C
2002	10	VI	340.0	1	1	C
2002	10	VS	1905.0	-1	1	C
2002	11	VC	2203.0	-1	1	C
2002	11	VI	292.0	-1	1	A
2002	11	VS	1911.0	1	1	C
2002	12	VC	1853.0	-1	-1	C
2002	12	VI	244.0	-1	1	C
2002	12	VS	1609.0	-1	-1	A
2003	1	VC	2406.0	1	1	I
2003	1	VI	284.0	1	1	C
2003	1	VS	2122.0	1	1	I
2003	2	VC	2161.0	-1	1	A
2003	2	VI	347.0	1	1	A
2003	2	VS	1814.0	-1	-1	A
2003	3	VC	2320.0	1	1	C
2003	3	VI	396.0	1	1	A
2003	3	VS	1924.0	1	1	I
2003	4	VC	1938.0	-1	-1	A
2003	4	VI	392.0	-1	1	A
2003	4	VS	1546.0	-1	-1	A
2003	5	VC	2197.0	1	1	I
2003	5	VI	415.0	1	1	C
2003	5	VS	1782.0	1	-1	I
2003	6	VC	1958.0	-1	-1	A
2003	6	VI	412.0	-1	1	A
2003	6	VS	1546.0	-1	-1	G
2003	7	VC	1954.0	-1	-1	I
2003	7	VI	424.0	1	1	C
2003	7	VS	1530.0	-1	-1	I
2003	8	VC	2082.0	1	-1	I
2003	8	VI	370.0	-1	1	A
2003	8	VS	1712.0	1	-1	I
2003	9	VC	1707.0	-1	-1	G
2003	9	VI	322.0	-1	1	C
2003	9	VS	1385.0	-1	-1	G
2003	10	VC	1598.0	-1	-1	I
2003	10	VI	219.0	-1	-1	C
2003	10	VS	1379.0	-1	-1	I
2003	11	VC	1682.0	1	-1	I
2003	11	VI	208.0	-1	-1	I
2003	11	VS	1474.0	1	-1	I
2003	12	VC	1536.0	-1	-1	G
2003	12	VI	183.0	-1	-1	I
2003	12	VS	1353.0	-1	-1	G
2004	1	VC	1821.0	1	-1	I
2004	1	VI	236.0	1	-1	I
2004	1	VS	1585.0	1	-1	I
2004	2	VC	1544.0	-1	-1	G
2004	2	VI	207.0	-1	-1	G
2004	2	VS	1337.0	-1	-1	G
2004	3	VC	1684.0	1	-1	I
2004	3	VI	238.0	1	-1	I
2004	3	VS	1446.0	1	-1	I
2004	4	VC	1589.0	-1	-1	G
2004	4	VI	214.0	-1	-1	G
2004	4	VS	1375.0	-1	-1	G
2004	5	VC	1646.0	1	-1	I
2004	5	VI	223.0	1	-1	I
2004	5	VS	1423.0	1	-1	I
2004	6	VC	1552.0	-1	-1	G
2004	6	VI	210.0	-1	-1	G
2004	6	VS	1342.0	-1	-1	G
2004	7	VC	1394.0	-1	-1	I
2004	7	VI	232.0	1	-1	I
2004	7	VS	1162.0	-1	-1	I
2004	8	VC	1450.0	1	-1	I
2004	8	VI	181.0	-1	-1	G
2004	8	VS	1269.0	1	-1	I
2004	9	VC	1362.0	-1	-1	G
2004	9	VI	232.0	1	-1	I
2004	9	VS	1130.0	-1	-1	G
2004	10	VC	1305.0	-1	-1	I
2004	10	VI	224.0	-1	-1	G
2004	10	VS	1081.0	-1	-1	I
2004	11	VC	1318.0	1	-1	I
2004	11	VI	165.0	-1	-1	I
2004	11	VS	1153.0	1	-1	I
2004	12	VC	1305.0	-1	-1	G
2004	12	VI	192.0	1	-1	I
2004	12	VS	1113.0	-1	-1	G
2005	1	VC	1375.0	1	-1	I
2005	1	VI	203.0	1	-1	G
2005	1	VS	1172.0	1	-1	I
2005	2	VC	1137.0	-1	-1	G
2005	2	VI	253.0	1	-1	G
2005	2	VS	884.0	-1	-1	G
2005	3	VC	1158.0	1	-1	I
2005	3	VI	199.0	-1	-1	G
2005	3	VS	959.0	1	-1	I
2005	4	VC	1093.0	-1	-1	G
2005	4	VI	204.0	1	-1	I
2005	4	VS	889.0	-1	-1	G
2005	5	VC	1244.0	1	-1	I
2005	5	VI	184.0	-1	-1	G
2005	5	VS	1060.0	1	-1	I
2005	6	VC	1120.0	-1	-1	G
2005	6	VI	170.0	-1	-1	I
2005	6	VS	950.0	-1	-1	G
2005	7	VC	992.0	-1	-1	I
2005	7	VI	179.0	1	-1	I
2005	7	VS	813.0	-1	-1	I
2005	8	VC	943.0	-1	-1	I
2005	8	VI	211.0	1	-1	G
2005	8	VS	732.0	-1	-1	I
2005	9	VC	886.0	-1	-1	I
2005	9	VI	193.0	-1	-1	G
2005	9	VS	693.0	-1	-1	I
2005	10	VC	832.0	-1	-1	I
2005	10	VI	165.0	-1	-1	I
2005	10	VS	667.0	-1	-1	I
2005	11	VC	881.0	1	-1	I
2005	11	VI	132.0	-1	-1	I
2005	11	VS	749.0	1	-1	I
2005	12	VC	885.0	1	-1	G
2005	12	VI	193.0	1	-1	I
2005	12	VS	692.0	-1	-1	G
2006	1	VC	876.0	-1	-1	G
2006	1	VI	181.0	-1	-1	G
2006	1	VS	695.0	1	-1	I
2006	2	VC	735.0	-1	-1	I
2006	2	VI	207.0	1	-1	I
2006	2	VS	528.0	-1	-1	G
2006	3	VC	769.0	1	-1	I
2006	3	VI	240.0	1	1	G
2006	3	VS	529.0	1	-1	I
2006	4	VC	678.0	-1	-1	G
2006	4	VI	174.0	-1	-1	A
2006	4	VS	504.0	-1	-1	G
2006	5	VC	694.0	1	-1	I
2006	5	VI	220.0	1	-1	I
2006	5	VS	474.0	-1	-1	I
2006	6	VC	663.0	-1	-1	G
2006	6	VI	136.0	-1	-1	G
2006	6	VS	527.0	1	-1	I
2006	7	VC	659.0	-1	-1	I
2006	7	VI	175.0	1	-1	I
2006	7	VS	484.0	-1	-1	G
2006	8	VC	751.0	1	-1	I
2006	8	VI	227.0	1	1	G
2006	8	VS	524.0	1	-1	I
2006	9	VC	665.0	-1	-1	G
2006	9	VI	180.0	-1	-1	A
2006	9	VS	485.0	-1	-1	G
2006	10	VC	663.0	-1	-1	I
2006	10	VI	160.0	-1	-1	I
2006	10	VS	503.0	1	-1	I
2006	11	VC	667.0	1	-1	I
2006	11	VI	153.0	-1	-1	I
2006	11	VS	514.0	1	-1	G
2006	12	VC	663.0	-1	-1	G
2006	12	VI	142.0	-1	-1	I
2006	12	VS	521.0	1	-1	G
2007	1	VC	823.0	1	-1	I
2007	1	VI	165.0	1	-1	I
2007	1	VS	658.0	1	-1	G
2007	2	VC	644.0	-1	-1	G
2007	2	VI	163.0	-1	-1	G
2007	2	VS	481.0	-1	-1	G
2007	3	VC	706.0	1	-1	I
2007	3	VI	206.0	1	1	I
2007	3	VS	500.0	1	-1	I
2007	4	VC	625.0	-1	-1	G
2007	4	VI	157.0	-1	-1	A
2007	4	VS	468.0	-1	-1	G
2007	5	VC	730.0	1	-1	I
2007	5	VI	252.0	1	1	I
2007	5	VS	478.0	1	-1	I
2007	6	VC	600.0	-1	-1	G
2007	6	VI	134.0	-1	-1	A
2007	6	VS	466.0	-1	-1	G
2007	7	VC	603.0	1	-1	I
2007	7	VI	131.0	-1	-1	I
2007	7	VS	472.0	1	-1	I
2007	8	VC	534.0	-1	-1	G
2007	8	VI	128.0	-1	-1	I
2007	8	VS	406.0	-1	-1	G
2007	9	VC	536.0	1	-1	I
2007	9	VI	141.0	1	-1	I
2007	9	VS	395.0	-1	-1	I
2007	10	VC	535.0	-1	-1	G
2007	10	VI	139.0	-1	-1	G
2007	10	VS	396.0	1	-1	I
2007	11	VC	503.0	-1	-1	I
2007	11	VI	116.0	-1	-1	I
2007	11	VS	387.0	-1	-1	G
2007	12	VC	498.0	-1	-1	I
2007	12	VI	90.0	-1	-1	I
2007	12	VS	408.0	1	-1	I
2008	1	VC	641.0	1	-1	I
2008	1	VI	135.0	1	-1	I
2008	1	VS	506.0	1	-1	G
2008	2	VC	546.0	-1	-1	G
2008	2	VI	184.0	1	1	G
2008	2	VS	362.0	-1	-1	G
2008	3	VC	529.0	-1	-1	I
2008	3	VI	137.0	-1	-1	A
2008	3	VS	392.0	1	-1	I
2008	4	VC	430.0	-1	-1	I
2008	4	VI	108.0	-1	-1	I
2008	4	VS	322.0	-1	-1	G
2008	5	VC	392.0	-1	-1	I
2008	5	VI	102.0	-1	-1	I
2008	5	VS	290.0	-1	-1	I
2008	6	VC	395.0	1	-1	I
2008	6	VI	103.0	1	-1	I
2008	6	VS	292.0	1	-1	I
2008	7	VC	465.0	1	-1	G
2008	7	VI	131.0	1	-1	G
2008	7	VS	334.0	1	-1	G
2008	8	VC	468.0	1	-1	G
2008	8	VI	139.0	1	-1	G
2008	8	VS	329.0	-1	-1	G
2008	9	VC	402.0	-1	-1	G
2008	9	VI	125.0	-1	-1	G
2008	9	VS	277.0	-1	-1	I
2008	10	VC	386.0	-1	-1	I
2008	10	VI	118.0	-1	-1	I
2008	10	VS	268.0	-1	-1	I
2008	11	VC	352.0	-1	-1	I
2008	11	VI	71.0	-1	-1	I
2008	11	VS	281.0	1	-1	I
2008	12	VC	354.0	1	-1	I
2008	12	VI	90.0	1	-1	I
2008	12	VS	264.0	-1	-1	G
2009	1	VC	433.0	1	-1	G
2009	1	VI	146.0	1	-1	G
2009	1	VS	287.0	1	-1	I
2009	2	VC	419.0	-1	-1	G
2009	2	VI	162.0	1	1	G
2009	2	VS	257.0	-1	-1	G
2009	3	VC	689.0	1	1	I
2009	3	VI	405.0	1	1	A
2009	3	VS	284.0	1	-1	I
2009	4	VC	592.0	-1	1	A
2009	4	VI	301.0	-1	1	A
2009	4	VS	291.0	1	-1	G
2009	5	VC	630.0	1	1	C
2009	5	VI	351.0	1	1	C
2009	5	VS	279.0	-1	-1	G
2009	6	VC	509.0	-1	-1	A
2009	6	VI	267.0	-1	1	A
2009	6	VS	242.0	-1	-1	I
2009	7	VC	528.0	1	-1	I
2009	7	VI	250.0	-1	1	C
2009	7	VS	278.0	1	-1	I
2009	8	VC	508.0	-1	-1	G
2009	8	VI	252.0	1	1	C
2009	8	VS	256.0	-1	-1	G
2009	9	VC	475.0	-1	-1	I
2009	9	VI	241.0	-1	1	A
2009	9	VS	234.0	-1	-1	I
2009	10	VC	439.0	-1	-1	I
2009	10	VI	166.0	-1	-1	C
2009	10	VS	273.0	1	-1	I
2009	11	VC	397.0	-1	-1	I
2009	11	VI	153.0	-1	-1	I
2009	11	VS	244.0	-1	-1	G
2009	12	VC	401.0	1	-1	I
2009	12	VI	160.0	1	-1	I
2009	12	VS	241.0	-1	-1	I
2010	1	VC	430.0	1	-1	G
2010	1	VI	166.0	1	-1	G
2010	1	VS	264.0	1	-1	I
2010	2	VC	336.0	-1	-1	G
2010	2	VI	146.0	-1	-1	G
2010	2	VS	190.0	-1	-1	G
2010	3	VC	406.0	1	-1	I
2010	3	VI	177.0	1	1	I
2010	3	VS	229.0	1	-1	I
2010	4	VC	421.0	1	-1	G
2010	4	VI	226.0	1	1	A
2010	4	VS	195.0	-1	-1	G
2010	5	VC	442.0	1	-1	G
2010	5	VI	227.0	1	1	A
2010	5	VS	215.0	1	-1	I
2010	6	VC	390.0	-1	-1	G
2010	6	VI	163.0	-1	-1	A
2010	6	VS	227.0	1	-1	G
2010	7	VC	355.0	-1	-1	I
2010	7	VI	155.0	-1	-1	I
2010	7	VS	200.0	-1	-1	G
2010	8	VC	381.0	1	-1	I
2010	8	VI	153.0	-1	-1	I
2010	8	VS	228.0	1	-1	I
2010	9	VC	358.0	-1	-1	G
2010	9	VI	139.0	-1	-1	I
2010	9	VS	219.0	-1	-1	G
2010	10	VC	426.0	1	-1	I
2010	10	VI	217.0	1	1	I
2010	10	VS	209.0	-1	-1	I
2010	11	VC	458.0	1	1	G
2010	11	VI	215.0	-1	1	A
2010	11	VS	243.0	1	-1	I
2010	12	VC	305.0	-1	-1	A
2010	12	VI	97.0	-1	-1	C
2010	12	VS	208.0	-1	-1	G
2011	1	VC	318.0	1	-1	I
2011	1	VI	121.0	1	-1	I
2011	1	VS	197.0	-1	-1	I
2011	2	VC	325.0	1	-1	G
2011	2	VI	142.0	1	-1	G
2011	2	VS	183.0	-1	-1	I
2011	3	VC	400.0	1	-1	G
2011	3	VI	162.0	1	-1	G
2011	3	VS	238.0	1	-1	I
2011	4	VC	322.0	-1	-1	G
2011	4	VI	137.0	-1	-1	G
2011	4	VS	185.0	-1	-1	G
2011	5	VC	404.0	1	-1	I
2011	5	VI	153.0	1	-1	I
2011	5	VS	251.0	1	1	I
2011	6	VC	356.0	-1	-1	G
2011	6	VI	144.0	-1	-1	G
2011	6	VS	212.0	-1	-1	A
2011	7	VC	331.0	-1	-1	I
2011	7	VI	127.0	-1	-1	I
2011	7	VS	204.0	-1	-1	I
2011	8	VC	357.0	1	-1	I
2011	8	VI	130.0	1	-1	I
2011	8	VS	227.0	1	-1	I
2011	9	VC	335.0	-1	-1	G
2011	9	VI	132.0	1	-1	G
2011	9	VS	203.0	-1	-1	G
2011	10	VC	291.0	-1	-1	I
2011	10	VI	97.0	-1	-1	G
2011	10	VS	194.0	-1	-1	I
2011	11	VC	292.0	1	-1	I
2011	11	VI	69.0	-1	-1	I
2011	11	VS	223.0	1	-1	I
2011	12	VC	268.0	-1	-1	G
2011	12	VI	68.0	-1	-1	I
2011	12	VS	200.0	-1	-1	G
2012	1	VC	390.0	1	-1	I
2012	1	VI	147.0	1	-1	I
2012	1	VS	243.0	1	1	I
2012	2	VC	340.0	-1	-1	G
2012	2	VI	141.0	-1	-1	G
2012	2	VS	199.0	-1	-1	A
2012	3	VC	304.0	-1	-1	I
2012	3	VI	110.0	-1	-1	I
2012	3	VS	194.0	-1	-1	I
2012	4	VC	368.0	1	-1	I
2012	4	VI	204.0	1	1	I
2012	4	VS	164.0	-1	-1	I
2012	5	VC	447.0	1	1	G
2012	5	VI	243.0	1	1	A
2012	5	VS	204.0	1	-1	I
2012	6	VC	457.0	1	1	A
2012	6	VI	258.0	1	1	A
2012	6	VS	199.0	-1	-1	G
2012	7	VC	483.0	1	1	A
2012	7	VI	312.0	1	1	A
2012	7	VS	171.0	-1	-1	I
2012	8	VC	469.0	-1	1	A
2012	8	VI	290.0	-1	1	A
2012	8	VS	179.0	1	-1	I
2012	9	VC	472.0	1	1	C
2012	9	VI	270.0	-1	1	C
2012	9	VS	202.0	1	-1	G
2012	10	VC	429.0	-1	1	A
2012	10	VI	249.0	-1	1	C
2012	10	VS	180.0	-1	-1	G
2012	11	VC	400.0	-1	1	C
2012	11	VI	237.0	-1	1	C
2012	11	VS	163.0	-1	-1	I
2012	12	VC	282.0	-1	-1	C
2012	12	VI	130.0	-1	-1	C
2012	12	VS	152.0	-1	-1	I
2013	1	VC	332.0	1	-1	I
2013	1	VI	214.0	1	1	I
2013	1	VS	118.0	-1	-1	I
2013	2	VC	430.0	1	1	G
2013	2	VI	303.0	1	1	A
2013	2	VS	127.0	1	-1	I
2013	3	VC	354.0	-1	-1	A
2013	3	VI	228.0	-1	1	A
2013	3	VS	126.0	-1	-1	G
2013	4	VC	298.0	-1	-1	I
2013	4	VI	202.0	-1	1	C
2013	4	VS	96.0	-1	-1	I
2013	5	VC	284.0	-1	-1	I
2013	5	VI	197.0	-1	1	C
2013	5	VS	87.0	-1	-1	I
2013	6	VC	260.0	-1	-1	I
2013	6	VI	175.0	-1	-1	C
2013	6	VS	85.0	-1	-1	I
2013	7	VC	283.0	1	-1	I
2013	7	VI	193.0	1	1	I
2013	7	VS	90.0	1	-1	I
2013	8	VC	295.0	1	-1	G
2013	8	VI	187.0	-1	1	A
2013	8	VS	108.0	1	-1	G
2013	9	VC	286.0	-1	-1	G
2013	9	VI	179.0	-1	-1	C
2013	9	VS	107.0	-1	-1	G
2013	10	VC	327.0	1	-1	I
2013	10	VI	249.0	1	1	I
2013	10	VS	78.0	-1	-1	I
2013	11	VC	282.0	-1	-1	G
2013	11	VI	178.0	-1	-1	A
2013	11	VS	104.0	1	-1	I
2013	12	VC	241.0	-1	-1	I
2013	12	VI	153.0	-1	-1	I
2013	12	VS	88.0	-1	-1	G
2014	1	VC	187.0	-1	-1	I
2014	1	VI	80.0	-1	-1	I
2014	1	VS	107.0	1	-1	I
2014	2	VC	187.0	0	-1	I
2014	2	VI	79.0	-1	-1	I
2014	2	VS	108.0	1	-1	G
2014	3	VC	218.0	1	-1	H
2014	3	VI	89.0	1	-1	I
2014	3	VS	129.0	1	-1	G
2014	4	VC	184.0	-1	-1	G
2014	4	VI	89.0	0	-1	G
2014	4	VS	95.0	-1	-1	G
2014	5	VC	192.0	1	-1	I
2014	5	VI	73.0	-1	-1	H
2014	5	VS	119.0	1	-1	I
2014	6	VC	157.0	-1	-1	G
2014	6	VI	53.0	-1	-1	I
2014	6	VS	104.0	-1	-1	G
2014	7	VC	207.0	1	-1	I
2014	7	VI	64.0	1	-1	I
2014	7	VS	143.0	1	-1	I
2014	8	VC	214.0	1	-1	G
2014	8	VI	79.0	1	-1	G
2014	8	VS	135.0	-1	-1	G
2014	9	VC	188.0	-1	-1	G
2014	9	VI	76.0	-1	-1	G
2014	9	VS	112.0	-1	-1	I
2014	10	VC	188.0	0	-1	I
2014	10	VI	64.0	-1	-1	I
2014	10	VS	124.0	1	-1	I
2014	11	VC	215.0	1	-1	H
2014	11	VI	88.0	1	-1	I
2014	11	VS	127.0	1	-1	G
2014	12	VC	143.0	-1	-1	G
2014	12	VI	61.0	-1	-1	G
2014	12	VS	82.0	-1	-1	G
2015	1	VC	136.0	-1	-1	I
2015	1	VI	30.0	-1	-1	I
2015	1	VS	106.0	1	-1	I
2015	2	VC	110.0	-1	-1	I
2015	2	VI	36.0	1	-1	I
2015	2	VS	74.0	-1	-1	G
2015	3	VC	130.0	1	-1	I
2015	3	VI	54.0	1	-1	G
2015	3	VS	76.0	1	-1	I
2015	4	VC	121.0	-1	-1	G
2015	4	VI	57.0	1	-1	G
2015	4	VS	64.0	-1	-1	G
2015	5	VC	183.0	1	-1	I
2015	5	VI	99.0	1	-1	G
2015	5	VS	84.0	1	-1	I
2015	6	VC	181.0	-1	-1	G
2015	6	VI	112.0	1	-1	G
2015	6	VS	69.0	-1	-1	G
2015	7	VC	196.0	1	-1	I
2015	7	VI	102.0	-1	-1	G
2015	7	VS	94.0	1	-1	I
2015	8	VC	89.0	-1	-1	G
2015	8	VI	36.0	-1	-1	I
2015	8	VS	53.0	-1	-1	G
2015	9	VC	79.0	-1	-1	I
2015	9	VI	23.0	-1	-1	I
2015	9	VS	56.0	1	-1	I
2015	10	VC	80.0	1	-1	I
2015	10	VI	34.0	1	-1	I
2015	10	VS	46.0	-1	-1	G
2015	11	VC	59.0	-1	-1	G
2015	11	VI	23.0	-1	-1	G
2015	11	VS	36.0	-1	-1	I
2015	12	VC	54.0	-1	-1	I
2015	12	VI	19.0	-1	-1	I
2015	12	VS	35.0	-1	-1	I
2016	1	VC	110.0	1	-1	I
2016	1	VI	30.0	1	-1	I
2016	1	VS	80.0	1	-1	I
2016	2	VC	111.0	1	-1	G
2016	2	VI	46.0	1	-1	G
2016	2	VS	65.0	-1	-1	G
2016	3	VC	82.0	-1	-1	G
2016	3	VI	22.0	-1	-1	G
2016	3	VS	60.0	-1	-1	I
2016	4	VC	78.0	-1	-1	I
2016	4	VI	16.0	-1	-1	I
2016	4	VS	62.0	1	-1	I
2016	5	VC	51.0	-1	-1	I
2016	5	VI	4.0	-1	-1	I
2016	5	VS	47.0	-1	-1	G
2016	6	VC	60.0	1	-1	I
2016	6	VI	5.0	1	-1	I
2016	6	VS	55.0	1	-1	I
2016	7	VC	54.0	-1	-1	G
2016	7	VI	11.0	1	-1	G
2016	7	VS	43.0	-1	-1	G
2016	8	VC	74.0	1	-1	I
2016	8	VI	16.0	1	-1	G
2016	8	VS	58.0	1	-1	I
2016	9	VC	52.0	-1	-1	G
2016	9	VI	4.0	-1	-1	G
2016	9	VS	48.0	-1	-1	G
2016	10	VC	55.0	1	-1	I
2016	10	VI	4.0	0	-1	I
2016	10	VS	51.0	1	-1	I
2016	11	VC	70.0	1	-1	G
2016	11	VI	12.0	1	-1	H
2016	11	VS	58.0	1	-1	G
2016	12	VC	64.0	-1	-1	G
2016	12	VI	7.0	-1	-1	G
2016	12	VS	57.0	-1	-1	G
2017	1	VC	193.0	1	1	I
2017	1	VI	95.0	1	1	I
2017	1	VS	98.0	1	1	I
2017	2	VC	162.0	-1	1	A
2017	2	VI	77.0	-1	1	A
2017	2	VS	85.0	-1	1	A
2017	3	VC	169.0	1	1	C
2017	3	VI	100.0	1	1	C
2017	3	VS	69.0	-1	-1	C
2017	4	VC	161.0	-1	1	A
2017	4	VI	86.0	-1	1	A
2017	4	VS	75.0	1	-1	I
2017	5	VC	177.0	1	1	C
2017	5	VI	114.0	1	1	C
2017	5	VS	63.0	-1	-1	G
2017	6	VC	152.0	-1	1	A
2017	6	VI	81.0	-1	1	A
2017	6	VS	71.0	1	-1	I
2017	7	VC	142.0	-1	1	C
2017	7	VI	84.0	1	1	C
2017	7	VS	58.0	-1	-1	G
2017	8	VC	164.0	1	1	C
2017	8	VI	94.0	1	1	A
2017	8	VS	70.0	1	1	I
2017	9	VC	126.0	-1	1	A
2017	9	VI	66.0	-1	1	A
2017	9	VS	60.0	-1	-1	A
2017	10	VC	131.0	1	1	C
2017	10	VI	61.0	-1	1	C
2017	10	VS	70.0	1	1	I
2017	11	VC	114.0	-1	-1	A
2017	11	VI	42.0	-1	-1	C
2017	11	VS	72.0	1	1	A
2017	12	VC	97.0	-1	-1	I
2017	12	VI	39.0	-1	-1	I
2017	12	VS	58.0	-1	-1	A
2018	1	VC	180.0	1	1	I
2018	1	VI	76.0	1	1	I
2018	1	VS	104.0	1	1	I
2018	2	VC	172.0	-1	1	A
2018	2	VI	103.0	1	1	A
2018	2	VS	69.0	-1	1	A
2018	3	VC	146.0	-1	1	C
2018	3	VI	58.0	-1	1	A
2018	3	VS	88.0	1	1	C
2018	4	VC	74.0	-1	-1	C
2018	4	VI	14.0	-1	-1	C
2018	4	VS	60.0	-1	-1	A
2018	5	VC	84.0	1	-1	I
2018	5	VI	14.0	0	-1	I
2018	5	VS	70.0	1	1	I
2018	6	VC	78.0	-1	-1	G
2018	6	VI	17.0	1	-1	H
2018	6	VS	61.0	-1	-1	A
2018	7	VC	106.0	1	-1	I
2018	7	VI	17.0	0	-1	G
2018	7	VS	89.0	1	1	I
2018	8	VC	99.0	-1	-1	G
2018	8	VI	17.0	0	-1	H
2018	8	VS	82.0	-1	1	A
2018	9	VC	58.0	-1	-1	I
2018	9	VI	7.0	-1	-1	H
2018	9	VS	51.0	-1	-1	C
2018	10	VC	68.0	1	-1	I
2018	10	VI	11.0	1	-1	I
2018	10	VS	57.0	1	-1	I
2018	11	VC	68.0	0	-1	G
2018	11	VI	11.0	0	-1	G
2018	11	VS	57.0	0	-1	G
2018	12	VC	54.0	-1	-1	H
2018	12	VI	13.0	1	-1	H
2018	12	VS	41.0	-1	-1	H
2019	1	VC	91.0	1	-1	I
2019	1	VI	11.0	-1	-1	G
2019	1	VS	80.0	1	1	I
2019	2	VC	107.0	1	1	G
2019	2	VI	28.0	1	-1	I
2019	2	VS	79.0	-1	1	A
2019	3	VC	91.0	-1	-1	A
2019	3	VI	14.0	-1	-1	G
2019	3	VS	77.0	-1	1	C
2019	4	VC	58.0	-1	-1	I
2019	4	VI	5.0	-1	-1	I
2019	4	VS	53.0	-1	-1	C
2019	5	VC	72.0	1	-1	I
2019	5	VI	7.0	1	-1	I
2019	5	VS	65.0	1	-1	I
2019	6	VC	75.0	1	-1	G
2019	6	VI	15.0	1	-1	G
2019	6	VS	60.0	-1	-1	G
2019	7	VC	74.0	-1	-1	G
2019	7	VI	20.0	1	-1	G
2019	7	VS	54.0	-1	-1	I
2019	8	VC	72.0	-1	-1	I
2019	8	VI	14.0	-1	-1	G
2019	8	VS	58.0	1	-1	I
2019	9	VC	83.0	1	-1	I
2019	9	VI	16.0	1	-1	I
2019	9	VS	67.0	1	-1	G
2019	10	VC	73.0	-1	-1	G
2019	10	VI	17.0	1	-1	G
2019	10	VS	56.0	-1	-1	G
2019	11	VC	49.0	-1	-1	I
2019	11	VI	9.0	-1	-1	G
2019	11	VS	40.0	-1	-1	I
2019	12	VC	50.0	1	-1	I
2019	12	VI	8.0	-1	-1	I
2019	12	VS	42.0	1	-1	I
2020	1	VC	92.0	1	-1	G
2020	1	VI	24.0	1	-1	I
2020	1	VS	68.0	1	1	G
2020	2	VC	65.0	-1	-1	G
2020	2	VI	26.0	1	-1	G
2020	2	VS	39.0	-1	-1	A
2020	3	VC	67.0	1	-1	I
2020	3	VI	21.0	-1	-1	G
2020	3	VS	46.0	1	-1	I
2020	4	VC	61.0	-1	-1	G
2020	4	VI	19.0	-1	-1	I
2020	4	VS	42.0	-1	-1	G
2020	5	VC	57.0	-1	-1	I
2020	5	VI	15.0	-1	-1	I
2020	5	VS	42.0	0	-1	I
2020	6	VC	51.0	-1	-1	I
2020	6	VI	8.0	-1	-1	I
2020	6	VS	43.0	1	-1	H
2020	7	VC	83.0	1	-1	I
2020	7	VI	23.0	1	-1	I
2020	7	VS	60.0	1	-1	G
2020	8	VC	88.0	1	1	G
2020	8	VI	24.0	1	-1	G
2020	8	VS	64.0	1	1	G
2020	9	VC	85.0	-1	-1	A
2020	9	VI	17.0	-1	-1	G
2020	9	VS	68.0	1	1	A
2020	10	VC	79.0	-1	-1	I
2020	10	VI	16.0	-1	-1	I
2020	10	VS	63.0	-1	1	A
2020	11	VC	75.0	-1	-1	I
2020	11	VI	15.0	-1	-1	I
2020	11	VS	60.0	-1	-1	C
2020	12	VC	75.0	0	-1	I
2020	12	VI	14.0	-1	-1	I
2020	12	VS	61.0	1	-1	I
2021	1	VC	75.0	0	-1	H
2021	1	VI	23.0	1	1	I
2021	1	VS	52.0	-1	-1	G
2021	2	VC	79.0	1	1	H
2021	2	VI	33.0	1	1	A
2021	2	VS	46.0	-1	-1	I
2021	3	VC	76.0	-1	1	A
2021	3	VI	41.0	1	1	A
2021	3	VS	35.0	-1	-1	I
2021	4	VC	63.0	-1	-1	C
2021	4	VI	29.0	-1	1	A
2021	4	VS	34.0	-1	-1	I
2021	5	VC	39.0	-1	-1	I
2021	5	VI	10.0	-1	-1	C
2021	5	VS	29.0	-1	-1	I
2021	6	VC	36.0	-1	-1	I
2021	6	VI	13.0	1	-1	I
2021	6	VS	23.0	-1	-1	I
2021	7	VC	50.0	1	-1	I
2021	7	VI	14.0	1	-1	G
2021	7	VS	36.0	1	-1	I
2021	8	VC	50.0	0	-1	G
2021	8	VI	17.0	1	1	G
2021	8	VS	33.0	-1	-1	G
2021	9	VC	58.0	1	-1	H
2021	9	VI	27.0	1	1	A
2021	9	VS	31.0	-1	-1	I
2021	10	VC	59.0	1	-1	G
2021	10	VI	26.0	-1	1	A
2021	10	VS	33.0	1	-1	I
2021	11	VC	49.0	-1	-1	G
2021	11	VI	19.0	-1	1	C
2021	11	VS	30.0	-1	-1	G
2021	12	VC	36.0	-1	-1	I
2021	12	VI	10.0	-1	-1	C
2021	12	VS	26.0	-1	-1	I
2022	1	VC	89.0	1	1	I
2022	1	VI	29.0	1	1	I
2022	1	VS	60.0	1	1	I
2022	2	VC	92.0	1	1	A
2022	2	VI	46.0	1	1	A
2022	2	VS	46.0	-1	-1	A
2022	3	VC	78.0	-1	1	A
2022	3	VI	40.0	-1	1	A
2022	3	VS	38.0	-1	-1	I
2022	4	VC	115.0	1	1	C
2022	4	VI	46.0	1	1	C
2022	4	VS	69.0	1	1	I
2022	5	VC	128.0	1	1	A
2022	5	VI	65.0	1	1	A
2022	5	VS	63.0	-1	1	A
2022	6	VC	127.0	-1	1	A
2022	6	VI	57.0	-1	1	A
2022	6	VS	70.0	1	1	C
2022	7	VC	196.0	1	1	C
2022	7	VI	120.0	1	1	C
2022	7	VS	76.0	1	1	A
2022	8	VC	103.0	-1	1	A
2022	8	VI	30.0	-1	1	A
2022	8	VS	73.0	-1	1	A
2022	9	VC	86.0	-1	1	C
2022	9	VI	21.0	-1	-1	C
2022	9	VS	65.0	-1	1	C
2022	10	VC	80.0	-1	1	C
2022	10	VI	21.0	0	-1	I
2022	10	VS	59.0	-1	1	C
2022	11	VC	75.0	-1	-1	C
2022	11	VI	22.0	1	-1	H
2022	11	VS	53.0	-1	1	C
2022	12	VC	66.0	-1	-1	I
2022	12	VI	30.0	1	1	G
2022	12	VS	36.0	-1	-1	C
